Age,JobSatisfaction,MonthlyIncome,TotalWorkingYears,YearsSinceLastPromotion,Non-Travel,Travel_Frequently,Travel_Rarely,Human Resources,Research & Development,Sales,Female,Male,Healthcare Representative,Human Resources,Laboratory Technician,Manager,Manufacturing Director,Research Director,Research Scientist,Sales Executive,Sales Representative,Divorced,Married,Single
41,4,5993,8,0,0,0,1,0,0,1,1,0,0,0,0,0,0,0,0,1,0,0,0,1
49,2,5130,10,1,0,1,0,0,1,0,0,1,0,0,0,0,0,0,1,0,0,0,1,0
37,3,2090,7,0,0,0,1,0,1,0,0,1,0,0,1,0,0,0,0,0,0,0,0,1
33,3,2909,8,3,0,1,0,0,1,0,1,0,0,0,0,0,0,0,1,0,0,0,1,0
27,2,3468,6,2,0,0,1,0,1,0,0,1,0,0,1,0,0,0,0,0,0,0,1,0
32,4,3068,8,3,0,1,0,0,1,0,0,1,0,0,1,0,0,0,0,0,0,0,0,1
59,1,2670,12,0,0,0,1,0,1,0,1,0,0,0,1,0,0,0,0,0,0,0,1,0
30,3,2693,1,0,0,0,1,0,1,0,0,1,0,0,1,0,0,0,0,0,0,1,0,0
38,3,9526,10,1,0,1,0,0,1,0,0,1,0,0,0,0,1,0,0,0,0,0,0,1
36,3,5237,17,7,0,0,1,0,1,0,0,1,1,0,0,0,0,0,0,0,0,0,1,0
35,2,2426,6,0,0,0,1,0,1,0,0,1,0,0,1,0,0,0,0,0,0,0,1,0
29,3,4193,10,0,0,0,1,0,1,0,1,0,0,0,1,0,0,0,0,0,0,0,0,1
31,3,2911,5,4,0,0,1,0,1,0,0,1,0,0,0,0,0,0,1,0,0,1,0,0
34,4,2661,3,1,0,0,1,0,1,0,0,1,0,0,1,0,0,0,0,0,0,1,0,0
28,3,2028,6,0,0,0,1,0,1,0,0,1,0,0,1,0,0,0,0,0,0,0,0,1
29,1,9980,10,8,0,0,1,0,1,0,1,0,0,0,0,0,1,0,0,0,0,1,0,0
32,2,3298,7,0,0,0,1,0,1,0,0,1,0,0,0,0,0,0,1,0,0,1,0,0
22,4,2935,1,0,1,0,0,0,1,0,0,1,0,0,1,0,0,0,0,0,0,1,0,0
53,4,15427,31,3,0,0,1,0,0,1,1,0,0,0,0,1,0,0,0,0,0,0,1,0
38,4,3944,6,1,0,0,1,0,1,0,0,1,0,0,0,0,0,0,1,0,0,0,0,1
24,3,4011,5,1,1,0,0,0,1,0,1,0,0,0,0,0,1,0,0,0,0,1,0,0
36,1,3407,10,0,0,0,1,0,0,1,0,1,0,0,0,0,0,0,0,0,1,0,0,1
34,2,11994,13,2,0,0,1,0,1,0,1,0,0,0,0,0,0,1,0,0,0,0,0,1
21,4,1232,0,0,0,0,1,0,1,0,0,1,0,0,0,0,0,0,1,0,0,0,0,1
34,1,2960,8,1,0,0,1,0,1,0,0,1,0,0,0,0,0,0,1,0,0,0,0,1
53,3,19094,26,4,0,0,1,0,1,0,1,0,0,0,0,1,0,0,0,0,0,1,0,0
32,1,3919,10,6,0,1,0,0,1,0,1,0,0,0,0,0,0,0,1,0,0,0,0,1
42,2,6825,10,4,0,0,1,0,0,1,0,1,0,0,0,0,0,0,0,1,0,0,1,0
44,4,10248,24,5,0,0,1,0,1,0,1,0,1,0,0,0,0,0,0,0,0,0,1,0
46,1,18947,22,2,0,0,1,0,0,1,1,0,0,0,0,1,0,0,0,0,0,0,0,1
33,4,2496,7,0,0,0,1,0,1,0,0,1,0,0,1,0,0,0,0,0,0,0,0,1
44,4,6465,9,1,0,0,1,0,1,0,0,1,1,0,0,0,0,0,0,0,0,0,1,0
30,3,2206,10,1,0,0,1,0,1,0,0,1,0,0,1,0,0,0,0,0,0,0,0,1
39,4,2086,19,0,0,0,1,0,0,1,0,1,0,0,0,0,0,0,0,0,1,0,1,0
24,4,2293,6,2,0,0,1,0,1,0,0,1,0,0,0,0,0,0,1,0,0,0,1,0
43,3,2645,6,1,0,0,1,0,1,0,1,0,0,0,0,0,0,0,1,0,0,1,0,0
50,3,2683,3,0,0,0,1,0,0,1,0,1,0,0,0,0,0,0,0,0,1,0,1,0
35,4,2014,2,2,0,0,1,0,0,1,1,0,0,0,0,0,0,0,0,0,1,0,1,0
36,1,3419,6,0,0,0,1,0,1,0,1,0,0,0,0,0,0,0,1,0,0,0,1,0
33,1,5376,10,1,0,1,0,0,0,1,1,0,0,0,0,0,0,0,0,1,0,0,1,0
35,4,1951,1,0,0,0,1,0,1,0,0,1,0,0,1,0,0,0,0,0,0,1,0,0
27,1,2341,1,0,0,0,1,0,1,0,1,0,0,0,1,0,0,0,0,0,0,1,0,0
26,3,2293,1,0,0,0,1,0,1,0,0,1,0,0,1,0,0,0,0,0,0,0,0,1
27,3,8726,9,1,0,1,0,0,0,1,0,1,0,0,0,0,0,0,0,1,0,0,0,1
30,4,4011,12,3,0,1,0,0,1,0,1,0,0,0,1,0,0,0,0,0,0,0,0,1
41,3,19545,23,15,0,0,1,0,1,0,1,0,0,0,0,0,0,1,0,0,0,0,1,0
34,3,4568,10,8,1,0,0,0,0,1,0,1,0,0,0,0,0,0,0,1,0,0,0,1
37,2,3022,8,0,0,0,1,0,1,0,0,1,0,0,0,0,0,0,1,0,0,0,1,0
46,4,5772,14,0,0,1,0,0,0,1,0,1,0,0,0,0,0,0,0,1,0,0,0,1
35,4,2269,1,0,0,0,1,0,1,0,0,1,0,0,1,0,0,0,0,0,0,0,1,0
48,3,5381,23,0,0,0,1,0,1,0,0,1,0,0,1,0,0,0,0,0,0,0,0,1
28,3,3441,2,2,0,0,1,0,1,0,0,1,0,0,1,0,0,0,0,0,0,0,0,1
44,1,5454,9,1,0,0,1,0,0,1,1,0,0,0,0,0,0,0,0,1,0,1,0,0
35,1,9884,10,2,1,0,0,0,1,0,0,1,1,0,0,0,0,0,0,0,0,0,1,0
26,4,4157,5,0,0,0,1,0,0,1,1,0,0,0,0,0,0,0,0,1,0,0,1,0
33,4,13458,15,8,0,1,0,0,1,0,1,0,0,0,0,0,0,1,0,0,0,0,0,1
35,1,9069,9,1,0,1,0,0,0,1,0,1,0,0,0,0,0,0,0,1,0,0,1,0
35,1,4014,4,2,0,0,1,0,1,0,1,0,0,0,1,0,0,0,0,0,0,0,1,0
31,4,5915,10,1,0,0,1,0,1,0,0,1,0,0,1,0,0,0,0,0,0,1,0,0
37,3,5993,7,0,0,0,1,0,1,0,0,1,0,0,0,0,1,0,0,0,0,1,0,0
32,4,6162,9,7,0,0,1,0,1,0,0,1,0,0,0,0,1,0,0,0,0,0,1,0
38,4,2406,10,9,0,1,0,0,1,0,1,0,0,0,1,0,0,0,0,0,0,0,0,1
50,3,18740,29,13,0,0,1,0,1,0,1,0,0,0,0,0,0,1,0,0,0,1,0,0
59,1,7637,28,7,0,0,1,0,0,1,1,0,0,0,0,0,0,0,0,1,0,0,0,1
36,3,10096,17,12,0,0,1,0,1,0,1,0,1,0,0,0,0,0,0,0,0,1,0,0
55,3,14756,21,0,0,0,1,0,1,0,1,0,0,0,0,1,0,0,0,0,0,1,0,0
36,2,6499,6,0,0,1,0,0,1,0,0,1,0,0,0,0,1,0,0,0,0,0,0,1
45,1,9724,25,0,0,0,1,0,1,0,0,1,0,0,0,0,0,0,1,0,0,1,0,0
35,1,2194,5,1,0,1,0,0,1,0,0,1,0,0,0,0,0,0,1,0,0,0,1,0
36,3,3388,2,0,0,0,1,0,1,0,0,1,0,0,0,0,0,0,1,0,0,0,1,0
59,3,5473,20,1,0,1,0,0,0,1,1,0,0,0,0,0,0,0,0,1,0,0,0,1
29,2,2703,6,0,0,0,1,0,1,0,0,1,0,0,0,0,0,0,1,0,0,0,1,0
31,2,2501,1,1,0,0,1,0,1,0,0,1,0,0,0,0,0,0,1,0,0,0,0,1
32,2,6220,10,0,0,0,1,0,1,0,0,1,0,0,0,0,0,0,1,0,0,0,1,0
36,4,3038,5,0,0,0,1,0,1,0,1,0,0,0,1,0,0,0,0,0,0,0,1,0
31,4,4424,11,1,0,0,1,0,1,0,1,0,0,0,0,0,1,0,0,0,0,0,0,1
35,1,4312,16,2,0,0,1,0,0,1,0,1,0,0,0,0,0,0,0,1,0,0,0,1
45,1,13245,17,0,0,0,1,0,1,0,0,1,0,0,0,0,0,1,0,0,0,0,1,0
37,3,13664,16,0,0,0,1,0,1,0,0,1,0,0,0,0,0,1,0,0,0,0,0,1
46,2,5021,16,0,0,0,1,1,0,0,0,1,0,1,0,0,0,0,0,0,0,1,0,0
30,4,5126,10,3,0,0,1,0,1,0,0,1,0,0,1,0,0,0,0,0,0,0,1,0
35,3,2859,6,0,0,0,1,0,1,0,0,1,0,0,0,0,0,0,1,0,0,0,0,1
55,4,10239,24,1,0,0,1,0,0,1,0,1,0,0,0,0,0,0,0,1,0,0,1,0
38,4,5329,17,1,1,0,0,0,1,0,1,0,0,0,0,0,0,0,1,0,0,1,0,0
34,2,4325,5,1,0,0,1,0,1,0,0,1,0,0,0,0,1,0,0,0,0,0,1,0
56,4,7260,37,0,0,0,1,0,1,0,0,1,0,0,0,0,1,0,0,0,0,0,0,1
23,1,2322,3,0,0,0,1,0,0,1,0,1,0,0,0,0,0,0,0,0,1,1,0,0
51,4,2075,10,0,0,0,1,0,1,0,0,1,0,0,1,0,0,0,0,0,0,0,1,0
30,4,4152,11,10,0,0,1,0,1,0,0,1,1,0,0,0,0,0,0,0,0,0,1,0
46,4,9619,9,4,0,0,1,0,0,1,0,1,0,0,0,0,0,0,0,1,0,0,0,1
40,2,13503,22,11,0,1,0,0,1,0,0,1,1,0,0,0,0,0,0,0,0,0,1,0
51,4,5441,11,1,0,0,1,0,0,1,0,1,0,0,0,0,0,0,0,1,0,0,0,1
30,2,5209,11,2,0,0,1,0,0,1,1,0,0,0,0,0,0,0,0,1,0,1,0,0
46,1,10673,21,9,0,1,0,0,1,0,0,1,1,0,0,0,0,0,0,0,0,0,1,0
32,3,5010,12,5,0,0,1,0,0,1,0,1,0,0,0,0,0,0,0,1,0,0,0,1
54,3,13549,16,0,0,0,1,0,1,0,1,0,0,0,0,0,0,1,0,0,0,0,1,0
24,3,4999,4,0,0,0,1,0,0,1,1,0,0,0,0,0,0,0,0,1,0,0,1,0
28,3,4221,5,0,1,0,0,0,0,1,0,1,0,0,0,0,0,0,0,1,0,0,1,0
58,3,13872,38,1,0,0,1,0,0,1,0,1,0,0,0,0,0,0,0,1,0,0,0,1
44,2,2042,17,1,1,0,0,0,1,0,0,1,0,0,1,0,0,0,0,0,0,0,1,0
37,1,2073,7,0,0,0,1,1,0,0,0,1,0,1,0,0,0,0,0,0,0,1,0,0
32,1,2956,1,0,0,0,1,0,1,0,0,1,0,0,0,0,0,0,1,0,0,0,0,1
20,4,2926,1,1,0,1,0,0,1,0,1,0,0,0,1,0,0,0,0,0,0,0,0,1
34,3,4809,16,2,0,0,1,0,1,0,1,0,0,0,0,0,0,0,1,0,0,0,0,1
37,4,5163,17,0,1,0,0,0,1,0,0,1,1,0,0,0,0,0,0,0,0,1,0,0
59,4,18844,30,2,1,0,0,1,0,0,1,0,0,0,0,1,0,0,0,0,0,0,1,0
50,2,18172,28,0,0,1,0,0,1,0,1,0,0,0,0,0,0,1,0,0,0,0,1,0
25,3,5744,6,0,0,0,1,0,0,1,0,1,0,0,0,0,0,0,0,1,0,0,0,1
25,4,2889,2,2,0,0,1,0,1,0,0,1,0,0,0,0,0,0,1,0,0,0,1,0
22,4,2871,1,0,0,0,1,0,1,0,1,0,0,0,1,0,0,0,0,0,0,0,0,1
51,1,7484,23,12,0,1,0,0,1,0,1,0,1,0,0,0,0,0,0,0,0,0,0,1
34,3,6074,9,0,0,1,0,0,1,0,0,1,0,0,1,0,0,0,0,0,0,0,0,1
54,4,17328,23,4,1,0,0,1,0,0,1,0,0,0,0,1,0,0,0,0,0,0,0,1
24,3,2774,6,1,0,0,1,0,1,0,0,1,0,0,1,0,0,0,0,0,0,0,1,0
34,2,4505,12,0,0,0,1,0,1,0,1,0,0,0,0,0,0,0,1,0,0,1,0,0
37,4,7428,12,1,0,0,1,0,0,1,0,1,0,0,0,0,0,0,0,1,0,0,0,1
34,1,11631,14,5,0,0,1,0,1,0,1,0,0,0,0,1,0,0,0,0,0,0,0,1
36,4,9738,10,2,0,1,0,0,0,1,1,0,0,0,0,0,0,0,0,1,0,0,1,0
36,4,2835,7,0,0,0,1,0,1,0,1,0,0,0,1,0,0,0,0,0,0,1,0,0
43,4,16959,25,4,0,1,0,0,0,1,0,1,0,0,0,1,0,0,0,0,0,0,1,0
30,3,2613,10,0,0,1,0,0,1,0,0,1,0,0,0,0,0,0,1,0,0,1,0,0
33,2,6146,8,0,1,0,0,0,0,1,0,1,0,0,0,0,0,0,0,1,0,0,1,0
56,2,4963,7,4,0,0,1,0,1,0,1,0,0,0,0,0,0,0,1,0,0,0,1,0
51,3,19537,23,15,0,0,1,0,1,0,0,1,0,0,0,0,0,1,0,0,0,0,0,1
31,3,6172,12,7,0,0,1,0,0,1,0,1,0,0,0,0,0,0,0,1,0,0,1,0
26,2,2368,5,4,0,0,1,0,1,0,1,0,0,0,0,0,0,0,1,0,0,0,1,0
58,4,10312,40,15,0,0,1,0,1,0,1,0,1,0,0,0,0,0,0,0,0,0,1,0
19,3,1675,0,0,0,0,1,0,0,1,0,1,0,0,0,0,0,0,0,0,1,0,0,1
22,4,2523,3,2,0,0,1,0,1,0,0,1,0,0,1,0,0,0,0,0,0,0,1,0
49,1,6567,16,5,0,0,1,0,1,0,1,0,0,0,0,0,1,0,0,0,0,0,1,0
43,3,4739,18,1,0,1,0,0,1,0,1,0,0,0,0,0,0,0,1,0,0,0,0,1
50,4,9208,16,2,0,1,0,0,0,1,1,0,0,0,0,0,0,0,0,1,0,0,0,1
31,3,4559,4,2,0,0,1,0,0,1,1,0,0,0,0,0,0,0,0,1,0,0,1,0
41,3,8189,12,0,0,0,1,0,0,1,0,1,0,0,0,0,0,0,0,1,0,1,0,0
26,3,2942,8,5,0,0,1,1,0,0,1,0,0,1,0,0,0,0,0,0,0,0,1,0
36,2,4941,7,0,0,0,1,0,1,0,0,1,0,0,0,0,1,0,0,0,0,1,0,0
51,4,10650,18,0,0,1,0,0,1,0,0,1,0,0,0,0,1,0,0,0,0,0,0,1
39,3,5902,17,5,0,0,1,0,0,1,1,0,0,0,0,0,0,0,0,1,0,0,1,0
25,3,8639,6,2,0,0,1,0,0,1,0,1,0,0,0,0,0,0,0,1,0,0,1,0
30,4,6347,12,4,0,0,1,1,0,0,0,1,0,1,0,0,0,0,0,0,0,0,1,0
32,1,4200,10,0,0,0,1,0,1,0,1,0,0,0,1,0,0,0,0,0,0,0,0,1
45,4,3452,9,0,0,0,1,0,1,0,0,1,0,0,0,0,0,0,1,0,0,0,0,1
38,3,4317,19,2,0,0,1,0,1,0,1,0,0,0,0,0,0,0,1,0,0,0,0,1
30,3,2632,5,0,0,0,1,0,1,0,1,0,0,0,0,0,0,0,1,0,0,0,0,1
32,4,4668,9,0,0,1,0,0,0,1,0,1,0,0,0,0,0,0,0,1,0,1,0,0
30,1,3204,8,2,0,0,1,0,1,0,1,0,0,0,0,0,0,0,1,0,0,1,0,0
30,4,2720,6,1,0,0,1,0,1,0,0,1,0,0,1,0,0,0,0,0,0,0,0,1
41,1,17181,21,7,0,1,0,0,1,0,0,1,0,0,0,1,0,0,0,0,0,1,0,0
41,1,2238,7,1,0,0,1,0,1,0,0,1,0,0,1,0,0,0,0,0,0,0,1,0
19,2,1483,1,0,0,0,1,0,1,0,1,0,0,0,1,0,0,0,0,0,0,0,0,1
40,2,5605,20,2,0,1,0,0,1,0,1,0,0,0,0,0,0,0,1,0,0,1,0,0
35,2,7295,10,0,0,0,1,0,0,1,0,1,0,0,0,0,0,0,0,1,0,0,1,0
53,3,2306,13,4,0,0,1,0,0,1,0,1,0,0,0,0,0,0,0,0,1,0,1,0
45,2,2348,20,0,0,0,1,0,1,0,0,1,0,0,1,0,0,0,0,0,0,1,0,0
32,4,8998,9,3,0,1,0,0,0,1,1,0,0,0,0,0,0,0,0,1,0,0,0,1
29,3,4319,10,0,1,0,0,0,1,0,0,1,0,0,0,0,1,0,0,0,0,0,1,0
51,3,6132,10,0,0,0,1,0,1,0,0,1,0,0,0,0,1,0,0,0,0,0,1,0
58,2,3346,9,0,0,0,1,0,1,0,1,0,0,0,0,0,0,0,1,0,0,0,1,0
40,4,10855,15,2,0,0,1,0,0,1,0,1,0,0,0,0,0,0,0,1,0,0,1,0
34,3,2231,6,1,0,1,0,0,0,1,1,0,0,0,0,0,0,0,0,0,1,0,1,0
22,4,2323,2,2,0,0,1,0,1,0,0,1,0,0,0,0,0,0,1,0,0,0,1,0
27,2,2024,6,2,1,0,0,0,1,0,0,1,0,0,0,0,0,0,1,0,0,1,0,0
28,4,2713,5,0,0,0,1,0,1,0,0,1,0,0,0,0,0,0,1,0,0,0,1,0
57,4,9439,12,1,0,0,1,0,1,0,0,1,1,0,0,0,0,0,0,0,0,1,0,0
27,3,2566,1,0,1,0,0,0,1,0,0,1,0,0,0,0,0,0,1,0,0,1,0,0
50,2,19926,21,4,0,0,1,0,1,0,1,0,0,0,0,1,0,0,0,0,0,0,0,1
41,3,2451,13,1,0,0,1,0,1,0,0,1,0,0,0,0,0,0,1,0,0,1,0,0
30,4,9419,12,7,0,0,1,0,0,1,1,0,0,0,0,0,0,0,0,1,0,0,1,0
38,4,8686,12,0,0,0,1,0,0,1,1,0,0,0,0,0,0,0,0,1,0,0,0,1
32,3,3038,8,1,0,0,1,0,1,0,0,1,0,0,0,0,0,0,1,0,0,0,0,1
27,2,3058,6,1,0,0,1,0,1,0,0,1,0,0,0,0,0,0,1,0,0,0,1,0
19,1,2325,1,0,0,1,0,0,0,1,1,0,0,0,0,0,0,0,0,0,1,0,0,1
36,2,2088,13,7,0,1,0,0,1,0,0,1,0,0,1,0,0,0,0,0,0,0,0,1
30,1,3072,12,6,1,0,0,0,1,0,0,1,0,0,1,0,0,0,0,0,0,1,0,0
45,1,5006,9,0,0,0,1,0,0,1,1,0,0,0,0,0,0,0,0,1,0,1,0,0
56,1,4257,19,2,0,0,1,0,1,0,1,0,0,0,0,0,0,0,1,0,0,1,0,0
33,4,2500,4,0,0,0,1,0,1,0,0,1,0,0,0,0,0,0,1,0,0,0,0,1
19,4,1102,1,1,0,0,1,0,1,0,0,1,0,0,1,0,0,0,0,0,0,0,0,1
46,1,10453,24,15,0,0,1,0,0,1,1,0,0,0,0,0,0,0,0,1,0,1,0,0
38,4,2288,2,2,0,0,1,0,1,0,1,0,0,0,1,0,0,0,0,0,0,0,0,1
31,4,3929,7,0,0,0,1,0,1,0,1,0,0,0,0,0,0,0,1,0,0,0,1,0
34,2,2311,9,1,0,0,1,0,1,0,1,0,0,0,0,0,0,0,1,0,0,0,0,1
41,2,3140,4,0,0,0,1,0,0,1,1,0,0,0,0,0,0,0,0,0,1,0,0,1
50,3,3690,5,0,0,0,1,0,1,0,0,1,0,0,1,0,0,0,0,0,0,0,1,0
53,1,4450,5,1,0,0,1,0,1,0,1,0,0,0,0,0,1,0,0,0,0,1,0,0
33,2,2756,8,1,0,0,1,0,1,0,1,0,0,0,0,0,0,0,1,0,0,0,1,0
40,3,19033,21,9,0,0,1,0,1,0,1,0,0,0,0,1,0,0,0,0,0,0,1,0
55,2,18722,36,2,0,0,1,0,1,0,0,1,0,0,0,0,0,1,0,0,0,0,0,1
34,3,9547,10,1,0,1,0,0,1,0,0,1,0,0,0,0,1,0,0,0,0,0,1,0
51,2,13734,21,1,0,0,1,0,1,0,1,0,1,0,0,0,0,0,0,0,0,0,0,1
52,3,19999,34,11,0,0,1,0,1,0,0,1,0,0,0,1,0,0,0,0,0,0,1,0
27,2,2279,7,0,0,0,1,0,1,0,1,0,0,0,0,0,0,0,1,0,0,0,0,1
35,3,5916,8,0,0,0,1,0,1,0,0,1,0,0,0,0,1,0,0,0,0,0,1,0
43,4,2089,7,2,1,0,0,0,1,0,0,1,0,0,0,0,0,0,1,0,0,1,0,0
45,4,16792,22,11,1,0,0,0,1,0,0,1,0,0,0,1,0,0,0,0,0,0,1,0
37,1,3564,8,1,0,0,1,0,1,0,0,1,0,0,0,0,0,0,1,0,0,0,1,0
35,2,4425,10,1,0,1,0,0,1,0,1,0,0,0,1,0,0,0,0,0,0,0,0,1
42,3,5265,11,0,1,0,0,0,1,0,1,0,0,0,0,0,1,0,0,0,0,1,0,0
38,3,6553,14,0,0,0,1,0,1,0,0,1,0,0,0,0,1,0,0,0,0,0,1,0
38,4,6261,9,1,0,0,1,0,1,0,0,1,0,0,0,0,1,0,0,0,0,0,1,0
27,1,4298,6,2,0,1,0,0,1,0,0,1,0,0,0,0,1,0,0,0,0,0,1,0
49,4,6804,7,1,1,0,0,0,1,0,0,1,0,0,0,0,1,0,0,0,0,1,0,0
34,3,3815,5,2,0,1,0,0,1,0,0,1,0,0,0,0,0,0,1,0,0,1,0,0
40,4,2741,15,3,0,0,1,0,1,0,0,1,0,0,1,0,0,0,0,0,0,0,1,0
38,1,6673,17,0,0,0,1,0,1,0,0,1,1,0,0,0,0,0,0,0,0,0,1,0
29,4,7639,10,1,0,0,1,0,0,1,1,0,0,0,0,0,0,0,0,1,0,0,1,0
22,2,2328,4,2,0,0,1,0,1,0,0,1,0,0,0,0,0,0,1,0,0,1,0,0
36,4,2153,8,1,0,1,0,0,1,0,1,0,0,0,1,0,0,0,0,0,0,0,0,1
40,4,4876,5,0,1,0,0,0,1,0,0,1,1,0,0,0,0,0,0,0,0,0,1,0
46,1,9396,17,0,0,0,1,0,1,0,0,1,1,0,0,0,0,0,0,0,0,1,0,0
32,4,10400,14,9,0,0,1,0,0,1,0,1,0,0,0,0,0,0,0,1,0,0,1,0
30,3,8474,12,5,1,0,0,0,1,0,0,1,0,0,0,0,1,0,0,0,0,0,0,1
27,3,9981,7,0,0,1,0,0,0,1,1,0,0,0,0,0,0,0,0,1,0,0,0,1
51,2,12490,16,4,0,0,1,0,1,0,0,1,0,0,0,0,0,1,0,0,0,0,1,0
30,1,2657,8,0,0,0,1,0,1,0,1,0,0,0,0,0,0,0,1,0,0,0,0,1
41,4,13591,16,0,0,0,1,0,0,1,1,0,0,0,0,1,0,0,0,0,0,0,0,1
30,1,6696,9,0,0,1,0,0,0,1,1,0,0,0,0,0,0,0,0,1,0,0,0,1
29,3,2058,7,1,0,0,1,0,1,0,0,1,0,0,0,0,0,0,1,0,0,0,0,1
45,4,8865,23,12,1,0,0,0,0,1,1,0,0,0,0,0,0,0,0,1,0,0,0,1
54,1,5940,16,0,0,0,1,0,0,1,1,0,0,0,0,0,0,0,0,1,0,0,1,0
36,2,5914,16,3,0,0,1,0,1,0,0,1,0,0,1,0,0,0,0,0,0,0,0,1
33,2,2622,7,1,0,0,1,0,1,0,1,0,0,0,0,0,0,0,1,0,0,0,1,0
37,4,12185,10,0,0,1,0,0,1,0,0,1,0,0,0,0,0,1,0,0,0,1,0,0
38,3,10609,17,5,0,0,1,0,0,1,0,1,0,0,0,0,0,0,0,1,0,1,0,0
31,3,4345,6,1,1,0,0,0,1,0,0,1,0,0,0,0,1,0,0,0,0,0,1,0
59,4,2177,7,0,0,0,1,0,1,0,0,1,0,0,0,0,0,0,1,0,0,0,1,0
37,4,2793,13,5,0,1,0,0,0,1,0,1,0,0,0,0,0,0,0,0,1,1,0,0
29,4,7918,11,4,0,1,0,0,0,1,1,0,0,0,0,0,0,0,0,1,0,0,1,0
35,3,8789,10,0,0,1,0,0,0,1,1,0,0,0,0,0,0,0,0,1,0,0,0,1
29,4,2389,4,0,0,0,1,0,1,0,0,1,0,0,0,0,0,0,1,0,0,0,0,1
52,4,3212,6,2,0,0,1,0,1,0,1,0,0,0,1,0,0,0,0,0,0,0,0,1
42,4,19232,22,11,0,0,1,0,1,0,0,1,0,0,0,1,0,0,0,0,0,0,1,0
59,3,2267,7,2,0,0,1,1,0,0,0,1,0,1,0,0,0,0,0,0,0,0,1,0
50,4,19517,32,0,0,0,1,0,0,1,1,0,0,0,0,1,0,0,0,0,0,1,0,0
33,4,2436,8,0,0,0,1,0,1,0,0,1,0,0,1,0,0,0,0,0,0,0,1,0
43,4,16064,22,1,0,0,1,0,0,1,1,0,0,0,0,1,0,0,0,0,0,0,1,0
33,1,2707,13,1,0,0,1,0,1,0,1,0,0,0,1,0,0,0,0,0,0,0,1,0
52,3,19068,33,15,1,0,0,0,0,1,0,1,0,0,0,1,0,0,0,0,0,0,0,1
32,2,3931,6,1,0,0,1,0,0,1,1,0,0,0,0,0,0,0,0,0,1,0,1,0
32,3,3730,4,1,0,0,1,0,1,0,0,1,0,0,1,0,0,0,0,0,0,0,0,1
39,3,2232,7,1,0,0,1,0,1,0,1,0,0,0,1,0,0,0,0,0,0,1,0,0
32,4,4465,4,2,1,0,0,0,0,1,0,1,0,0,0,0,0,0,0,1,0,0,1,0
41,1,3072,17,0,0,0,1,0,1,0,0,1,0,0,0,0,0,0,1,0,0,1,0,0
40,4,3319,9,4,0,0,1,0,1,0,0,1,0,0,0,0,0,0,1,0,0,1,0,0
45,4,19202,25,1,0,0,1,0,1,0,0,1,0,0,0,1,0,0,0,0,0,0,1,0
31,3,13675,9,2,0,1,0,0,1,0,0,1,0,0,0,0,0,1,0,0,0,1,0,0
33,4,2911,2,0,0,0,1,0,1,0,1,0,0,0,0,0,0,0,1,0,0,0,1,0
34,1,5957,13,5,0,0,1,0,1,0,0,1,0,0,0,0,1,0,0,0,0,0,1,0
37,1,3920,17,0,0,0,1,0,1,0,1,0,0,0,0,0,0,0,1,0,0,0,1,0
45,3,6434,9,0,0,1,0,0,1,0,0,1,0,0,0,0,1,0,0,0,0,0,1,0
37,3,10048,17,0,0,1,0,0,1,0,0,1,0,0,0,0,1,0,0,0,0,1,0,0
39,3,10938,20,11,0,1,0,0,1,0,1,0,1,0,0,0,0,0,0,0,0,0,0,1
29,4,2340,6,1,0,0,1,0,1,0,0,1,0,0,0,0,0,0,1,0,0,0,0,1
42,1,6545,10,0,0,0,1,0,1,0,1,0,0,0,0,0,0,0,1,0,0,0,0,1
29,4,6931,10,0,0,0,1,0,0,1,0,1,0,0,0,0,0,0,0,1,0,1,0,0
25,3,4898,5,1,0,0,1,0,1,0,1,0,0,0,0,0,1,0,0,0,0,0,1,0
42,1,2593,10,7,0,0,1,0,1,0,1,0,0,0,1,0,0,0,0,0,0,1,0,0
40,3,19436,22,3,0,0,1,0,1,0,0,1,0,0,0,0,0,1,0,0,0,1,0,0
51,4,2723,1,0,0,0,1,0,1,0,0,1,0,0,0,0,0,0,1,0,0,0,1,0
31,2,3479,6,1,0,1,0,0,1,0,0,1,0,0,1,0,0,0,0,0,0,0,0,1
32,2,2794,5,0,0,1,0,0,1,0,0,1,0,0,1,0,0,0,0,0,0,0,1,0
38,4,5249,13,7,1,0,0,0,0,1,0,1,0,0,0,0,0,0,0,1,0,0,1,0
32,1,2176,9,0,0,0,1,0,1,0,0,1,0,0,1,0,0,0,0,0,0,0,0,1
46,2,16872,28,7,0,0,1,0,0,1,1,0,0,0,0,1,0,0,0,0,0,0,1,0
28,3,3485,5,0,0,0,1,0,1,0,0,1,0,0,1,0,0,0,0,0,0,0,0,1
29,2,6644,10,0,0,0,1,0,0,1,0,1,0,0,0,0,0,0,0,1,0,0,1,0
31,4,5582,10,7,0,0,1,0,1,0,0,1,1,0,0,0,0,0,0,0,0,0,1,0
25,1,4000,6,1,1,0,0,0,1,0,0,1,1,0,0,0,0,0,0,0,0,1,0,0
45,4,13496,21,4,0,0,1,0,1,0,0,1,1,0,0,0,0,0,0,0,0,0,1,0
36,4,3210,16,10,0,0,1,0,1,0,0,1,0,0,1,0,0,0,0,0,0,0,1,0
55,1,19045,37,4,0,0,1,0,1,0,0,1,0,0,0,1,0,0,0,0,0,0,0,1
47,2,11849,10,9,1,0,0,0,1,0,0,1,0,0,0,1,0,0,0,0,0,0,1,0
28,4,2070,5,0,0,0,1,0,1,0,0,1,0,0,0,0,0,0,1,0,0,0,1,0
37,4,6502,7,0,0,0,1,0,0,1,0,1,0,0,0,0,0,0,0,1,0,0,1,0
21,3,3230,3,1,0,0,1,0,1,0,0,1,0,0,0,0,0,0,1,0,0,0,0,1
37,4,13603,15,0,1,0,0,0,1,0,1,0,0,0,0,0,0,1,0,0,0,1,0,0
35,2,11996,10,6,0,0,1,0,1,0,1,0,0,0,0,1,0,0,0,0,0,1,0,0
38,1,5605,8,7,0,0,1,0,0,1,1,0,0,0,0,0,0,0,0,1,0,1,0,0
26,2,6397,6,1,0,1,0,0,1,0,1,0,0,0,0,0,1,0,0,0,0,1,0,0
50,2,19144,28,1,0,0,1,0,1,0,0,1,0,0,0,0,0,1,0,0,0,1,0,0
53,3,17584,21,1,0,0,1,0,1,0,0,1,0,0,0,0,0,1,0,0,0,0,1,0
42,3,4907,20,11,0,0,1,0,0,1,0,1,0,0,0,0,0,0,0,1,0,0,1,0
29,4,4554,10,0,0,1,0,0,0,1,0,1,0,0,0,0,0,0,0,1,0,0,0,1
55,4,5415,12,0,0,0,1,0,1,0,0,1,0,0,1,0,0,0,0,0,0,0,1,0
26,1,4741,5,3,0,1,0,0,1,0,0,1,1,0,0,0,0,0,0,0,0,0,1,0
37,4,2115,17,5,0,0,1,0,1,0,1,0,0,0,0,0,0,0,1,0,0,0,0,1
44,3,3161,19,0,0,1,0,0,1,0,0,1,0,0,1,0,0,0,0,0,0,1,0,0
38,4,5745,10,1,0,0,1,0,1,0,0,1,1,0,0,0,0,0,0,0,0,1,0,0
26,2,2373,5,0,0,0,1,0,1,0,0,1,0,0,1,0,0,0,0,0,0,1,0,0
28,4,3310,5,0,0,0,1,0,1,0,1,0,0,0,0,0,0,0,1,0,0,0,0,1
49,1,18665,22,1,0,1,0,0,1,0,1,0,0,0,0,0,0,1,0,0,0,0,0,1
36,2,4485,10,7,0,0,1,0,1,0,0,1,0,0,0,0,0,0,1,0,0,0,0,1
31,2,2789,2,2,0,1,0,0,0,1,1,0,0,0,0,0,0,0,0,0,1,1,0,0
26,4,5828,8,7,0,0,1,0,0,1,0,1,0,0,0,0,0,0,0,1,0,0,0,1
37,4,2326,4,1,0,1,0,0,1,0,0,1,0,0,0,0,0,0,1,0,0,0,1,0
42,2,13525,23,4,0,1,0,0,0,1,1,0,0,0,0,0,0,0,0,1,0,0,1,0
18,3,1420,0,0,0,0,1,0,1,0,0,1,0,0,1,0,0,0,0,0,0,0,0,1
35,2,8020,12,6,0,0,1,0,0,1,0,1,0,0,0,0,0,0,0,1,0,0,1,0
36,4,3688,4,0,0,1,0,0,1,0,0,1,0,0,1,0,0,0,0,0,0,0,1,0
51,2,5482,13,1,0,0,1,0,1,0,0,1,0,0,0,0,1,0,0,0,0,1,0,0
41,2,16015,22,0,0,0,1,0,0,1,0,1,0,0,0,1,0,0,0,0,0,0,0,1
18,3,1200,0,0,0,0,1,0,0,1,1,0,0,0,0,0,0,0,0,0,1,0,0,1
28,1,5661,9,0,0,0,1,0,1,0,0,1,1,0,0,0,0,0,0,0,0,0,0,1
31,4,6929,10,7,0,0,1,0,0,1,0,1,0,0,0,0,0,0,0,1,0,0,1,0
39,4,9613,19,3,0,0,1,0,1,0,0,1,1,0,0,0,0,0,0,0,0,1,0,0
36,2,5674,11,0,1,0,0,0,1,0,1,0,0,0,1,0,0,0,0,0,0,0,1,0
32,3,5484,13,4,0,0,1,0,0,1,0,1,0,0,0,0,0,0,0,1,0,0,1,0
38,2,12061,19,0,0,0,1,0,1,0,1,0,0,0,0,0,0,1,0,0,0,0,1,0
58,3,5660,12,1,1,0,0,0,1,0,0,1,1,0,0,0,0,0,0,0,0,1,0,0
31,4,4821,6,0,0,0,1,0,1,0,0,1,0,0,0,0,0,0,1,0,0,0,1,0
31,1,6410,9,1,0,0,1,1,0,0,0,1,0,1,0,0,0,0,0,0,0,0,1,0
45,1,5210,24,9,0,1,0,0,1,0,0,1,0,0,1,0,0,0,0,0,0,1,0,0
31,4,2695,3,2,0,0,1,0,1,0,0,1,0,0,0,0,0,0,1,0,0,1,0,0
33,2,11878,12,8,0,1,0,0,1,0,1,0,0,0,0,1,0,0,0,0,0,0,1,0
39,1,17068,21,11,0,0,1,0,1,0,0,1,0,0,0,1,0,0,0,0,0,0,1,0
43,4,2455,9,1,0,1,0,0,1,0,1,0,0,0,1,0,0,0,0,0,0,0,0,1
49,3,13964,25,0,0,0,1,0,1,0,1,0,1,0,0,0,0,0,0,0,0,0,0,1
52,2,4941,11,7,0,0,1,0,1,0,0,1,0,0,0,0,0,0,1,0,0,0,1,0
27,2,2478,4,1,0,0,1,0,1,0,1,0,0,0,0,0,0,0,1,0,0,0,0,1
32,2,5228,13,11,0,0,1,0,0,1,1,0,0,0,0,0,0,0,0,1,0,0,1,0
27,3,4478,5,0,0,0,1,0,0,1,0,1,0,0,0,0,0,0,0,1,0,0,0,1
31,4,7547,13,1,0,0,1,0,0,1,0,1,0,0,0,0,0,0,0,1,0,1,0,0
32,4,5055,10,0,0,0,1,0,1,0,1,0,0,0,0,0,0,0,1,0,0,0,0,1
28,4,3464,5,2,0,0,1,0,1,0,0,1,0,0,0,0,0,0,1,0,0,0,1,0
30,4,5775,11,1,0,0,1,0,1,0,1,0,0,0,0,0,0,0,1,0,0,0,1,0
31,3,8943,10,8,0,1,0,0,1,0,1,0,0,0,0,0,1,0,0,0,0,0,1,0
39,4,19272,21,13,0,1,0,0,1,0,0,1,0,0,0,1,0,0,0,0,0,0,1,0
39,3,5238,12,0,0,0,1,0,0,1,1,0,0,0,0,0,0,0,0,1,0,0,1,0
33,4,4682,9,0,0,1,0,0,0,1,0,1,0,0,0,0,0,0,0,1,0,0,0,1
47,3,18300,21,1,0,0,1,0,1,0,0,1,0,0,0,0,0,1,0,0,0,0,1,0
43,3,5257,9,0,0,1,0,0,1,0,1,0,0,0,1,0,0,0,0,0,0,1,0,0
27,2,6349,6,1,1,0,0,0,0,1,0,1,0,0,0,0,0,0,0,1,0,0,1,0
54,3,4869,20,0,0,1,0,0,1,0,1,0,0,0,0,0,0,0,1,0,0,0,0,1
43,1,9985,10,0,0,0,1,0,1,0,1,0,1,0,0,0,0,0,0,0,0,0,1,0
45,4,3697,12,9,0,0,1,0,1,0,0,1,0,0,0,0,0,0,1,0,0,0,1,0
40,4,7457,6,0,0,0,1,0,0,1,0,1,0,0,0,0,0,0,0,1,0,0,1,0
29,1,2119,7,0,0,0,1,0,1,0,0,1,0,0,1,0,0,0,0,0,0,0,1,0
29,4,3983,4,2,0,0,1,0,1,0,0,1,0,0,1,0,0,0,0,0,0,0,0,1
30,3,6118,10,1,0,0,1,0,0,1,1,0,0,0,0,0,0,0,0,1,0,1,0,0
27,2,6214,8,0,0,0,1,0,0,1,1,0,0,0,0,0,0,0,0,1,0,0,1,0
37,4,6347,8,0,0,0,1,0,1,0,0,1,0,0,0,0,1,0,0,0,0,1,0,0
38,4,11510,12,2,0,0,1,0,1,0,0,1,0,0,0,0,0,1,0,0,0,1,0,0
31,4,7143,11,4,0,0,1,0,1,0,1,0,0,0,0,0,1,0,0,0,0,0,0,1
29,2,8268,7,1,0,0,1,0,0,1,1,0,0,0,0,0,0,0,0,1,0,1,0,0
35,2,8095,17,0,0,0,1,0,1,0,0,1,0,0,0,0,1,0,0,0,0,0,0,1
23,4,2904,4,0,0,0,1,0,1,0,0,1,0,0,0,0,0,0,1,0,0,1,0,0
41,2,6032,8,1,0,0,1,0,1,0,0,1,0,0,0,0,1,0,0,0,0,0,0,1
47,3,2976,5,0,0,1,0,0,0,1,0,1,0,0,0,0,0,0,0,0,1,0,0,1
42,4,15992,16,0,0,0,1,0,1,0,1,0,0,0,0,0,0,1,0,0,0,0,0,1
29,3,4649,4,0,1,0,0,0,0,1,0,1,0,0,0,0,0,0,0,1,0,0,1,0
42,3,2696,4,1,0,0,1,1,0,0,0,1,0,1,0,0,0,0,0,0,0,1,0,0
32,2,2370,8,0,0,0,1,0,1,0,1,0,0,0,1,0,0,0,0,0,0,0,1,0
48,3,12504,15,0,0,0,1,0,0,1,1,0,0,0,0,1,0,0,0,0,0,0,1,0
37,1,5974,13,6,0,0,1,0,1,0,0,1,0,0,0,0,0,0,1,0,0,1,0,0
30,3,4736,4,2,1,0,0,0,0,1,1,0,0,0,0,0,0,0,0,1,0,0,1,0
26,3,5296,8,7,0,0,1,0,0,1,0,1,0,0,0,0,0,0,0,1,0,0,1,0
42,4,6781,14,0,0,0,1,0,1,0,0,1,1,0,0,0,0,0,0,0,0,0,0,1
21,2,2174,3,1,0,1,0,0,0,1,1,0,0,0,0,0,0,0,0,0,1,0,0,1
36,4,6653,7,0,1,0,0,0,0,1,1,0,0,0,0,0,0,0,0,1,0,0,0,1
36,4,9699,16,1,0,1,0,0,0,1,0,1,0,0,0,0,0,0,0,1,0,0,1,0
57,3,6755,15,1,0,0,1,0,1,0,0,1,1,0,0,0,0,0,0,0,0,0,1,0
40,3,2213,10,1,0,0,1,0,1,0,1,0,0,0,1,0,0,0,0,0,0,0,1,0
21,4,2610,3,2,1,0,0,0,0,1,0,1,0,0,0,0,0,0,0,0,1,0,0,1
33,3,2851,1,0,0,0,1,0,0,1,1,0,0,0,0,0,0,0,0,0,1,0,0,1
37,1,3452,17,0,0,0,1,0,1,0,1,0,0,0,1,0,0,0,0,0,0,0,1,0
46,3,5258,7,0,1,0,0,0,1,0,1,0,0,0,0,0,1,0,0,0,0,0,1,0
41,2,9355,8,7,0,1,0,0,0,1,0,1,0,0,0,0,0,0,0,1,0,0,0,1
50,4,10496,20,1,0,0,1,0,1,0,0,1,1,0,0,0,0,0,0,0,0,0,0,1
40,3,6380,8,1,0,0,1,0,0,1,0,1,0,0,0,0,0,0,0,1,0,0,1,0
31,2,2657,3,2,0,0,1,0,1,0,0,1,0,0,0,0,0,0,1,0,0,0,0,1
21,2,2716,1,0,0,0,1,0,0,1,1,0,0,0,0,0,0,0,0,0,1,0,0,1
29,4,2201,6,1,0,0,1,0,1,0,0,1,0,0,0,0,0,0,1,0,0,0,0,1
35,2,6540,10,0,0,0,1,0,1,0,0,1,1,0,0,0,0,0,0,0,0,0,0,1
27,2,3816,5,0,0,0,1,0,1,0,0,1,0,0,1,0,0,0,0,0,0,1,0,0
28,4,5253,7,0,0,0,1,0,0,1,0,1,0,0,0,0,0,0,0,1,0,0,0,1
49,3,10965,26,0,0,0,1,0,1,0,0,1,1,0,0,0,0,0,0,0,0,0,0,1
51,4,4936,18,0,0,0,1,0,0,1,1,0,0,0,0,0,0,0,0,1,0,0,1,0
36,3,2543,6,2,0,0,1,0,1,0,1,0,0,0,0,0,0,0,1,0,0,0,1,0
34,4,5304,9,0,1,0,0,0,0,1,0,1,0,0,0,0,0,0,0,1,0,0,0,1
55,4,16659,30,1,0,0,1,0,1,0,1,0,0,0,0,1,0,0,0,0,0,0,0,1
24,3,4260,5,0,0,0,1,0,0,1,1,0,0,0,0,0,0,0,0,1,0,1,0,0
30,2,2476,1,0,0,0,1,0,0,1,0,1,0,0,0,0,0,0,0,0,1,0,1,0
26,1,3102,7,0,0,1,0,0,1,0,0,1,0,0,0,0,0,0,1,0,0,0,0,1
22,2,2244,2,1,0,0,1,0,1,0,1,0,0,0,0,0,0,0,1,0,0,0,1,0
36,3,7596,10,9,0,0,1,0,0,1,0,1,0,0,0,0,0,0,0,1,0,0,1,0
30,4,2285,3,0,0,1,0,0,1,0,0,1,0,0,0,0,0,0,1,0,0,0,0,1
37,1,3034,18,12,0,0,1,0,1,0,1,0,0,0,1,0,0,0,0,0,0,1,0,0
40,2,5715,8,1,0,0,1,0,0,1,1,0,0,0,0,0,0,0,0,1,0,1,0,0
42,1,2576,8,1,0,0,1,0,1,0,1,0,0,0,1,0,0,0,0,0,0,1,0,0
37,2,4197,18,0,0,0,1,0,1,0,0,1,0,0,0,0,1,0,0,0,0,0,0,1
43,2,14336,25,3,0,0,1,0,1,0,0,1,0,0,0,0,0,1,0,0,0,1,0,0
40,3,3448,20,0,0,0,1,0,1,0,1,0,0,0,1,0,0,0,0,0,0,0,1,0
54,1,19406,24,1,0,0,1,0,1,0,0,1,0,0,0,0,0,1,0,0,0,0,1,0
34,3,6538,6,1,1,0,0,0,0,1,1,0,0,0,0,0,0,0,0,1,0,0,1,0
31,1,4306,13,3,0,0,1,0,1,0,1,0,0,0,0,0,1,0,0,0,0,0,1,0
43,4,2258,8,1,0,1,0,0,1,0,0,1,0,0,1,0,0,0,0,0,0,0,1,0
43,3,4522,8,0,0,0,1,0,1,0,1,0,1,0,0,0,0,0,0,0,0,1,0,0
25,4,4487,5,1,0,0,1,0,0,1,1,0,0,0,0,0,0,0,0,1,0,0,0,1
37,3,4449,15,10,1,0,0,0,1,0,1,0,0,0,0,0,0,0,1,0,0,0,1,0
31,1,2218,4,3,0,0,1,0,1,0,0,1,0,0,1,0,0,0,0,0,0,0,1,0
39,3,19197,21,1,0,1,0,0,1,0,0,1,0,0,0,1,0,0,0,0,0,1,0,0
56,1,13212,36,7,0,1,0,0,0,1,1,0,0,0,0,0,0,0,0,1,0,0,1,0
30,3,6577,6,4,0,0,1,0,0,1,1,0,0,0,0,0,0,0,0,1,0,0,0,1
41,1,8392,10,0,0,0,1,0,0,1,0,1,0,0,0,0,0,0,0,1,0,0,1,0
28,1,4558,10,1,0,0,1,0,1,0,0,1,0,0,1,0,0,0,0,0,0,1,0,0
25,1,4031,6,0,0,0,1,0,1,0,0,1,0,0,1,0,0,0,0,0,0,0,1,0
52,3,7969,28,0,0,0,1,0,1,0,0,1,0,0,0,0,1,0,0,0,0,0,1,0
45,4,2654,8,0,0,0,1,0,1,0,0,1,0,0,0,0,0,0,1,0,0,0,1,0
52,4,16555,31,1,0,0,1,0,1,0,1,0,0,0,0,1,0,0,0,0,0,0,1,0
42,3,4556,19,0,0,1,0,0,1,0,1,0,0,0,0,0,0,0,1,0,0,1,0,0
30,4,6091,11,0,0,0,1,0,1,0,1,0,0,0,0,0,1,0,0,0,0,0,0,1
60,1,19566,33,11,0,0,1,0,1,0,1,0,0,0,0,1,0,0,0,0,0,0,1,0
46,3,4810,19,0,0,0,1,0,1,0,1,0,0,0,0,0,1,0,0,0,0,1,0,0
42,4,4523,7,0,0,1,0,0,1,0,1,0,1,0,0,0,0,0,0,0,0,0,1,0
24,2,3202,6,1,0,0,1,0,0,1,1,0,0,0,0,0,0,0,0,0,1,0,0,1
34,3,2351,3,1,0,1,0,0,0,1,1,0,0,0,0,0,0,0,0,0,1,1,0,0
38,4,1702,1,0,0,1,0,0,1,0,0,1,0,0,1,0,0,0,0,0,0,0,1,0
40,3,18041,21,1,0,0,1,0,0,1,1,0,0,0,0,1,0,0,0,0,0,0,1,0
26,4,2886,3,0,0,0,1,0,1,0,1,0,0,0,0,0,0,0,1,0,0,1,0,0
30,4,2097,9,1,1,0,0,0,1,0,0,1,0,0,1,0,0,0,0,0,0,0,1,0
29,3,11935,10,0,0,0,1,0,1,0,0,1,0,0,0,0,0,1,0,0,0,0,1,0
29,2,2546,6,1,0,0,1,0,1,0,1,0,0,0,0,0,0,0,1,0,0,0,1,0
19,4,2564,1,0,0,0,1,1,0,0,0,1,0,1,0,0,0,0,0,0,0,0,0,1
30,1,8412,10,7,1,0,0,0,0,1,1,0,0,0,0,0,0,0,0,1,0,0,1,0
57,4,14118,32,0,0,0,1,0,0,1,0,1,0,0,0,1,0,0,0,0,0,1,0,0
50,3,17046,28,15,0,0,1,0,1,0,0,1,0,0,0,1,0,0,0,0,0,0,1,0
30,4,2564,12,6,1,0,0,0,1,0,1,0,0,0,1,0,0,0,0,0,0,0,0,1
60,1,10266,22,13,0,1,0,0,0,1,1,0,0,0,0,0,0,0,0,1,0,0,1,0
47,4,5070,20,0,0,0,1,0,1,0,1,0,0,0,0,0,1,0,0,0,0,1,0,0
46,3,17861,26,0,0,0,1,0,1,0,0,1,0,0,0,0,0,1,0,0,0,0,1,0
35,3,4230,6,4,0,0,1,0,1,0,0,1,0,0,1,0,0,0,0,0,0,0,0,1
54,3,3780,19,0,0,0,1,0,1,0,1,0,0,0,1,0,0,0,0,0,0,0,0,1
34,3,2768,14,5,0,0,1,0,1,0,0,1,0,0,0,0,0,0,1,0,0,1,0,0
46,4,9071,15,1,0,0,1,0,0,1,1,0,0,0,0,0,0,0,0,1,0,0,1,0
31,2,10648,13,0,0,0,1,0,1,0,0,1,0,0,0,0,1,0,0,0,0,1,0,0
33,3,13610,15,7,0,0,1,0,1,0,0,1,0,0,0,1,0,0,0,0,0,0,1,0
33,4,3408,8,1,0,0,1,0,1,0,0,1,0,0,1,0,0,0,0,0,0,1,0,0
30,2,2983,4,1,0,0,1,0,0,1,0,1,0,0,0,0,0,0,0,0,1,0,0,1
35,3,7632,10,0,0,0,1,0,1,0,0,1,1,0,0,0,0,0,0,0,0,0,1,0
31,3,9824,12,0,0,1,0,0,1,0,0,1,1,0,0,0,0,0,0,0,0,0,1,0
34,1,9950,11,0,0,1,0,1,0,0,1,0,0,1,0,0,0,0,0,0,0,1,0,0
42,3,2093,8,2,0,1,0,0,1,0,0,1,0,0,1,0,0,0,0,0,0,0,1,0
36,4,9980,10,9,1,0,0,0,0,1,0,1,0,0,0,0,0,0,0,1,0,0,0,1
22,3,3894,4,1,0,1,0,0,1,0,0,1,0,0,1,0,0,0,0,0,0,0,0,1
48,4,4051,14,6,0,0,1,0,0,1,1,0,0,0,0,0,0,0,0,1,0,0,1,0
55,2,16835,37,7,0,0,1,0,0,1,1,0,0,0,0,1,0,0,0,0,0,0,0,1
41,4,6230,16,1,1,0,0,0,0,1,0,1,0,0,0,0,0,0,0,1,0,0,0,1
35,3,4717,15,6,0,0,1,0,0,1,0,1,0,0,0,0,0,0,0,1,0,0,1,0
40,3,13237,22,5,0,0,1,0,1,0,1,0,0,0,0,0,1,0,0,0,0,0,0,1
39,3,3755,8,0,0,1,0,0,1,0,1,0,0,0,1,0,0,0,0,0,0,0,1,0
31,4,6582,10,0,0,0,1,0,0,1,0,1,0,0,0,0,0,0,0,1,0,0,0,1
42,1,7406,10,5,0,0,1,0,1,0,0,1,0,0,0,0,1,0,0,0,0,0,1,0
45,2,4805,9,3,0,0,1,0,0,1,0,1,0,0,0,0,0,0,0,1,0,0,1,0
26,3,2741,8,1,0,1,0,1,0,0,1,0,0,1,0,0,0,0,0,0,0,1,0,0
29,4,4262,8,1,0,0,1,0,1,0,0,1,0,0,0,0,1,0,0,0,0,1,0,0
33,3,16184,10,0,0,0,1,0,1,0,1,0,0,0,0,0,0,1,0,0,0,1,0,0
31,4,11557,10,0,0,0,1,0,0,1,0,1,0,0,0,1,0,0,0,0,0,1,0,0
18,2,1878,0,0,0,1,0,0,0,1,0,1,0,0,0,0,0,0,0,0,1,0,0,1
40,1,10932,20,0,1,0,0,0,0,1,0,1,0,0,0,0,0,0,0,1,0,1,0,0
41,3,6811,10,0,1,0,0,0,1,0,1,0,1,0,0,0,0,0,0,0,0,0,0,1
26,3,4306,8,0,0,0,1,0,0,1,0,1,0,0,0,0,0,0,0,1,0,1,0,0
35,3,4859,5,0,0,0,1,0,0,1,1,0,0,0,0,0,0,0,0,1,0,0,0,1
34,4,5337,10,5,0,0,1,0,0,1,0,1,0,0,0,0,0,0,0,1,0,0,0,1
26,4,2340,1,0,0,0,1,0,1,0,0,1,0,0,1,0,0,0,0,0,0,0,0,1
37,4,7491,12,1,0,0,1,0,1,0,1,0,0,0,0,0,1,0,0,0,0,0,0,1
46,3,10527,28,1,0,1,0,0,1,0,1,0,1,0,0,0,0,0,0,0,0,0,1,0
41,1,16595,22,11,0,0,1,0,0,1,1,0,0,0,0,1,0,0,0,0,0,0,1,0
37,2,8834,9,7,1,0,0,0,0,1,0,1,0,0,0,0,0,0,0,1,0,1,0,0
52,1,5577,18,6,0,0,1,0,1,0,0,1,0,0,0,0,0,0,1,0,0,1,0,0
32,3,4707,6,1,1,0,0,0,0,1,0,1,0,0,0,0,0,0,0,1,0,0,1,0
24,4,2400,3,2,0,1,0,0,0,1,0,1,0,0,0,0,0,0,0,0,1,0,1,0
38,3,9824,18,0,0,0,1,0,1,0,1,0,1,0,0,0,0,0,0,0,0,0,1,0
37,2,6447,8,4,0,0,1,0,1,0,1,0,0,0,0,0,1,0,0,0,0,0,1,0
49,3,19502,31,0,0,0,1,0,1,0,0,1,0,0,0,0,0,1,0,0,0,1,0,0
24,4,2725,6,1,0,0,1,0,1,0,0,1,0,0,0,0,0,0,1,0,0,0,1,0
26,2,6272,6,1,0,0,1,0,0,1,0,1,0,0,0,0,0,0,0,1,0,0,1,0
24,2,2127,1,0,0,0,1,0,1,0,0,1,0,0,1,0,0,0,0,0,0,0,1,0
50,2,18200,32,10,0,1,0,1,0,0,0,1,0,0,0,1,0,0,0,0,0,0,1,0
25,3,2096,7,0,0,0,1,0,0,1,0,1,0,0,0,0,0,0,0,0,1,0,1,0
24,3,2886,6,1,0,1,0,0,1,0,1,0,0,0,1,0,0,0,0,0,0,0,1,0
30,1,2033,1,0,0,1,0,0,0,1,0,1,0,0,0,0,0,0,0,0,1,0,1,0
34,4,3622,6,1,0,0,1,0,1,0,0,1,0,0,0,0,0,0,1,0,0,0,1,0
31,1,4233,9,1,0,0,1,0,0,1,0,1,0,0,0,0,0,0,0,1,0,1,0,0
35,4,3681,9,0,0,0,1,0,1,0,0,1,0,0,1,0,0,0,0,0,0,0,0,1
31,4,5460,13,5,0,0,1,0,0,1,0,1,0,0,0,0,0,0,0,1,0,1,0,0
27,3,2187,6,0,0,0,1,0,1,0,1,0,0,0,0,0,0,0,1,0,0,1,0,0
37,3,9602,17,1,0,0,1,0,0,1,0,1,0,0,0,0,0,0,0,1,0,0,1,0
20,2,2836,1,0,0,0,1,0,1,0,1,0,0,0,0,0,0,0,1,0,0,0,0,1
42,4,4089,10,2,0,0,1,0,1,0,1,0,1,0,0,0,0,0,0,0,0,0,1,0
43,4,16627,21,0,0,0,1,0,1,0,0,1,0,0,0,0,0,1,0,0,0,1,0,0
38,1,2619,8,0,0,0,1,0,1,0,1,0,0,0,0,0,0,0,1,0,0,0,0,1
43,3,5679,10,4,0,1,0,0,1,0,0,1,0,0,1,0,0,0,0,0,0,1,0,0
48,1,15402,21,0,0,0,1,0,1,0,1,0,0,0,0,1,0,0,0,0,0,0,1,0
44,3,5985,10,0,0,0,1,1,0,0,1,0,0,1,0,0,0,0,0,0,0,0,0,1
34,3,2579,8,0,0,0,1,0,0,1,1,0,0,0,0,0,0,0,0,0,1,1,0,0
27,1,3041,5,0,0,0,1,0,0,1,0,1,0,0,0,0,0,0,0,0,1,1,0,0
21,3,3447,3,1,0,0,1,0,0,1,0,1,0,0,0,0,0,0,0,0,1,0,0,1
44,4,19513,26,0,0,0,1,0,1,0,0,1,0,0,0,1,0,0,0,0,0,0,1,0
22,3,2773,3,2,0,0,1,0,1,0,0,1,0,0,0,0,0,0,1,0,0,0,1,0
33,3,7104,6,1,0,0,1,0,0,1,0,1,0,0,0,0,0,0,0,1,0,1,0,0
32,4,6322,6,0,0,0,1,0,1,0,1,0,0,0,0,0,0,0,1,0,0,0,1,0
30,3,2083,1,0,0,1,0,0,1,0,1,0,0,0,0,0,0,0,1,0,0,1,0,0
53,1,8381,18,8,0,0,1,0,0,1,1,0,0,0,0,0,0,0,0,1,0,0,0,1
34,4,2691,10,8,0,0,1,0,1,0,0,1,0,0,0,0,0,0,1,0,0,0,1,0
45,1,4286,5,0,0,1,0,0,0,1,1,0,0,0,0,0,0,0,0,1,0,0,1,0
26,4,2659,3,0,0,0,1,0,1,0,1,0,0,0,1,0,0,0,0,0,0,0,1,0
37,3,9434,10,7,0,0,1,0,1,0,0,1,0,0,0,0,1,0,0,0,0,0,1,0
29,3,5561,6,1,0,0,1,0,0,1,1,0,0,0,0,0,0,0,0,1,0,0,1,0
35,4,6646,17,11,0,0,1,0,1,0,0,1,0,0,0,0,0,0,1,0,0,0,0,1
33,4,7725,15,4,0,1,0,0,1,0,0,1,1,0,0,0,0,0,0,0,0,1,0,0
54,2,10725,16,7,0,0,1,1,0,0,0,1,0,1,0,0,0,0,0,0,0,0,1,0
36,2,8847,13,0,0,0,1,0,1,0,0,1,0,0,0,0,1,0,0,0,0,1,0,0
27,4,2045,5,1,0,0,1,0,1,0,0,1,0,0,0,0,0,0,1,0,0,0,0,1
20,3,1009,1,1,0,0,1,0,1,0,0,1,0,0,0,0,0,0,1,0,0,0,0,1
33,1,3348,10,9,0,1,0,0,1,0,0,1,0,0,0,0,0,0,1,0,0,0,0,1
35,3,1281,1,0,1,0,0,0,1,0,0,1,0,0,1,0,0,0,0,0,0,0,1,0
23,1,2819,5,0,0,0,1,0,1,0,0,1,0,0,0,0,0,0,1,0,0,0,1,0
25,2,4851,4,1,0,0,1,0,0,1,0,1,0,0,0,0,0,0,0,1,0,0,1,0
38,4,4028,8,0,0,0,1,0,0,1,1,0,0,0,0,0,0,0,0,1,0,0,0,1
29,4,2720,10,2,0,1,0,0,1,0,0,1,0,0,0,0,0,0,1,0,0,1,0,0
48,2,8120,12,2,0,0,1,0,0,1,0,1,0,0,0,0,0,0,0,1,0,0,1,0
27,4,4647,6,0,0,1,0,0,0,1,1,0,0,0,0,0,0,0,0,1,0,1,0,0
37,4,4680,4,0,0,0,1,0,1,0,0,1,0,0,0,0,0,0,1,0,0,0,0,1
50,3,3221,20,3,0,0,1,0,1,0,0,1,0,0,1,0,0,0,0,0,0,0,1,0
34,2,8621,9,7,0,0,1,0,1,0,1,0,1,0,0,0,0,0,0,0,0,0,0,1
24,3,4577,4,2,0,0,1,0,0,1,1,0,0,0,0,0,0,0,0,1,0,0,0,1
39,3,4553,20,11,0,0,1,0,1,0,1,0,1,0,0,0,0,0,0,0,0,0,0,1
32,4,5396,10,0,0,0,1,0,0,1,0,1,0,0,0,0,0,0,0,1,0,0,0,1
50,3,6796,18,1,0,1,0,0,0,1,0,1,0,0,0,0,0,0,0,1,0,0,1,0
38,4,7625,10,1,0,0,1,0,1,0,1,0,1,0,0,0,0,0,0,0,0,0,0,1
27,1,7412,9,0,0,0,1,0,1,0,1,0,0,0,0,0,1,0,0,0,0,0,1,0
32,4,11159,10,7,0,0,1,0,1,0,1,0,0,0,0,0,0,1,0,0,0,0,0,1
47,1,4960,20,1,0,0,1,0,0,1,0,1,0,0,0,0,0,0,0,1,0,0,0,1
40,1,10475,20,1,0,1,0,0,0,1,0,1,0,0,0,0,0,0,0,1,0,0,1,0
53,3,14814,32,1,0,0,1,0,1,0,0,1,0,0,0,0,0,1,0,0,0,0,1,0
41,4,19141,23,12,0,0,1,1,0,0,0,1,0,0,0,1,0,0,0,0,0,1,0,0
60,1,5405,10,2,0,0,1,0,0,1,0,1,0,0,0,0,0,0,0,1,0,0,0,1
27,1,8793,9,1,0,1,0,0,1,0,0,1,0,0,0,0,1,0,0,0,0,1,0,0
41,3,19189,22,2,0,0,1,1,0,0,0,1,0,0,0,1,0,0,0,0,0,0,1,0
50,2,3875,4,2,0,0,1,0,0,1,0,1,0,0,0,0,0,0,0,0,1,0,1,0
28,2,2216,10,3,0,0,1,0,1,0,1,0,0,0,0,0,0,0,1,0,0,0,0,1
36,1,11713,10,0,1,0,0,0,1,0,1,0,0,0,0,0,0,1,0,0,0,0,1,0
38,3,7861,10,0,0,0,1,0,1,0,1,0,0,0,0,0,1,0,0,0,0,0,0,1
44,3,3708,9,1,1,0,0,0,1,0,0,1,0,0,1,0,0,0,0,0,0,0,0,1
47,3,13770,28,11,0,1,0,0,0,1,1,0,0,0,0,0,0,0,0,1,0,1,0,0
30,4,5304,10,7,0,0,1,0,0,1,0,1,0,0,0,0,0,0,0,1,0,1,0,0
29,3,2642,1,0,0,0,1,0,0,1,0,1,0,0,0,0,0,0,0,0,1,0,0,1
42,3,2759,7,2,0,1,0,0,1,0,0,1,0,0,0,0,0,0,1,0,0,1,0,0
43,4,6804,7,2,0,1,0,0,0,1,0,1,0,0,0,0,0,0,0,1,0,0,1,0
34,3,6142,10,4,0,0,1,0,1,0,1,0,1,0,0,0,0,0,0,0,0,0,0,1
23,1,2500,5,0,0,0,1,0,1,0,0,1,0,0,1,0,0,0,0,0,0,0,1,0
39,2,6389,12,3,0,0,1,1,0,0,1,0,0,1,0,0,0,0,0,0,0,0,1,0
56,4,11103,30,1,0,0,1,0,1,0,0,1,1,0,0,0,0,0,0,0,0,0,1,0
40,4,2342,5,2,0,0,1,0,1,0,1,0,0,0,0,0,0,0,1,0,0,0,0,1
27,1,6811,9,0,0,0,1,0,1,0,1,0,1,0,0,0,0,0,0,0,0,0,0,1
29,2,2297,2,2,0,0,1,0,0,1,0,1,0,0,0,0,0,0,0,0,1,1,0,0
53,4,2450,19,2,0,0,1,0,1,0,0,1,0,0,1,0,0,0,0,0,0,0,0,1
35,1,5093,16,0,1,0,0,0,1,0,1,0,1,0,0,0,0,0,0,0,0,1,0,0
32,4,5309,10,4,0,1,0,0,1,0,0,1,0,0,1,0,0,0,0,0,0,0,1,0
38,3,3057,6,0,0,0,1,0,1,0,0,1,0,0,0,0,0,0,1,0,0,0,1,0
34,1,5121,7,0,0,0,1,0,1,0,1,0,0,0,0,0,1,0,0,0,0,1,0,0
52,1,16856,34,1,0,0,1,0,0,1,0,1,0,0,0,1,0,0,0,0,0,0,1,0
33,4,2686,10,7,0,0,1,0,1,0,0,1,0,0,0,0,0,0,1,0,0,0,0,1
25,4,6180,6,1,0,0,1,0,0,1,1,0,0,0,0,0,0,0,0,1,0,0,0,1
45,3,6632,9,3,0,0,1,0,0,1,0,1,0,0,0,0,0,0,0,0,1,0,0,1
23,3,3505,2,0,0,0,1,0,1,0,0,1,0,0,0,0,0,0,1,0,0,0,0,1
47,3,6397,8,1,0,1,0,0,0,1,1,0,0,0,0,0,0,0,0,1,0,0,0,1
34,4,6274,6,1,0,0,1,0,0,1,0,1,0,0,0,0,0,0,0,1,0,0,0,1
55,1,19859,24,1,0,0,1,0,1,0,0,1,0,0,0,1,0,0,0,0,0,0,1,0
36,1,7587,10,0,1,0,0,0,0,1,0,1,0,0,0,0,0,0,0,1,0,0,0,1
52,4,4258,5,1,1,0,0,0,1,0,0,1,0,0,0,0,0,0,1,0,0,0,1,0
26,4,4364,5,2,0,1,0,0,1,0,1,0,0,0,1,0,0,0,0,0,0,1,0,0
29,3,4335,11,1,0,0,1,0,1,0,1,0,1,0,0,0,0,0,0,0,0,0,1,0
26,1,5326,6,1,0,0,1,0,0,1,0,1,0,0,0,0,0,0,0,1,0,0,0,1
34,4,3280,10,1,0,0,1,0,1,0,1,0,0,0,0,0,0,0,1,0,0,0,0,1
54,1,5485,9,1,0,0,1,0,1,0,1,0,0,0,0,0,1,0,0,0,0,1,0,0
27,4,4342,5,1,0,1,0,0,0,1,0,1,0,0,0,0,0,0,0,1,0,0,1,0
37,1,2782,6,4,0,0,1,0,1,0,1,0,0,0,0,0,0,0,1,0,0,1,0,0
38,1,5980,17,4,0,1,0,0,1,0,1,0,0,0,0,0,1,0,0,0,0,0,0,1
34,1,4381,6,1,0,0,1,0,1,0,1,0,0,0,0,0,0,0,1,0,0,0,0,1
35,4,2572,3,0,0,0,1,0,0,1,1,0,0,0,0,0,0,0,0,0,1,0,1,0
30,3,3833,7,0,0,0,1,0,1,0,0,1,0,0,1,0,0,0,0,0,0,0,1,0
40,2,4244,8,3,0,1,0,0,1,0,1,0,1,0,0,0,0,0,0,0,0,0,1,0
34,1,6500,6,1,0,0,1,0,0,1,1,0,0,0,0,0,0,0,0,1,0,0,1,0
42,4,18430,24,14,0,1,0,0,1,0,0,1,0,0,0,1,0,0,0,0,0,1,0,0
23,1,1601,1,0,0,0,1,0,1,0,0,1,0,0,1,0,0,0,0,0,0,0,1,0
24,2,2694,1,0,1,0,0,0,1,0,0,1,0,0,1,0,0,0,0,0,0,1,0,0
52,3,3149,9,1,0,0,1,0,1,0,1,0,0,0,1,0,0,0,0,0,0,0,1,0
50,3,17639,30,0,0,0,1,0,1,0,0,1,0,0,0,0,0,1,0,0,0,0,1,0
29,1,2319,1,0,0,0,1,0,1,0,1,0,0,0,1,0,0,0,0,0,0,0,1,0
33,3,11691,14,3,0,0,1,0,1,0,0,1,0,0,0,0,0,1,0,0,0,0,1,0
33,1,5324,6,0,0,0,1,0,0,1,1,0,0,0,0,0,0,0,0,1,0,0,0,1
47,4,16752,26,3,0,0,1,0,1,0,1,0,0,0,0,1,0,0,0,0,0,0,1,0
36,2,5228,10,0,0,0,1,0,1,0,1,0,0,0,0,0,1,0,0,0,0,0,1,0
29,3,2700,10,0,0,0,1,0,1,0,0,1,0,0,0,0,0,0,1,0,0,0,1,0
58,2,19246,40,13,0,0,1,0,1,0,0,1,0,0,0,0,0,1,0,0,0,0,0,1
35,3,2506,7,2,0,0,1,0,1,0,1,0,0,0,0,0,0,0,1,0,0,0,0,1
42,4,6062,8,0,0,0,1,0,1,0,1,0,0,0,0,0,1,0,0,0,0,0,1,0
28,3,4382,5,2,0,0,1,0,1,0,0,1,0,0,0,0,0,0,1,0,0,0,0,1
36,2,2143,8,0,0,0,1,1,0,0,0,1,0,1,0,0,0,0,0,0,0,0,1,0
32,3,6162,14,6,0,0,1,0,1,0,1,0,0,0,0,0,1,0,0,0,0,0,1,0
40,3,5094,10,0,0,1,0,0,1,0,0,1,0,0,1,0,0,0,0,0,0,0,0,1
30,4,6877,12,0,0,0,1,0,1,0,1,0,0,0,0,0,1,0,0,0,0,0,0,1
45,3,2274,1,0,0,0,1,0,1,0,1,0,0,0,0,0,0,0,1,0,0,0,0,1
42,2,4434,10,7,0,0,1,0,1,0,0,1,0,0,0,0,1,0,0,0,0,0,1,0
38,1,6288,13,1,0,1,0,0,1,0,0,1,1,0,0,0,0,0,0,0,0,1,0,0
34,4,2553,6,1,0,1,0,0,1,0,1,0,0,0,0,0,0,0,1,0,0,0,0,1
49,4,7654,9,7,0,0,1,0,0,1,1,0,0,0,0,0,0,0,0,1,0,0,1,0
55,4,5160,12,7,0,0,1,0,0,1,0,1,0,0,0,0,0,0,0,1,0,0,0,1
43,1,17159,22,1,0,0,1,0,1,0,0,1,0,0,0,0,0,1,0,0,0,0,1,0
27,4,12808,9,0,0,0,1,0,1,0,0,1,0,0,0,0,0,1,0,0,0,1,0,0
35,3,10221,17,1,0,0,1,0,1,0,0,1,0,0,0,0,1,0,0,0,0,0,0,1
28,2,4779,8,7,0,0,1,0,0,1,1,0,0,0,0,0,0,0,0,1,0,0,1,0
34,4,3737,4,0,0,0,1,1,0,0,0,1,0,1,0,0,0,0,0,0,0,0,1,0
26,3,2366,8,1,0,1,0,0,1,0,1,0,0,0,0,0,0,0,1,0,0,0,1,0
27,4,1706,0,0,1,0,0,0,1,0,0,1,0,0,0,0,0,0,1,0,0,0,1,0
51,3,16307,29,4,0,0,1,0,0,1,1,0,0,0,0,1,0,0,0,0,0,0,1,0
44,2,5933,10,2,0,0,1,0,1,0,0,1,1,0,0,0,0,0,0,0,0,0,0,1
25,1,3424,6,0,0,0,1,0,1,0,0,1,0,0,0,0,0,0,1,0,0,0,0,1
33,1,4037,9,0,0,0,1,0,0,1,0,1,0,0,0,0,0,0,0,1,0,1,0,0
35,1,2559,6,1,0,0,1,0,1,0,1,0,0,0,0,0,0,0,1,0,0,0,0,1
36,4,6201,18,4,0,0,1,0,0,1,0,1,0,0,0,0,0,0,0,1,0,0,1,0
32,4,4403,8,0,0,0,1,0,0,1,0,1,0,0,0,0,0,0,0,1,0,1,0,0
30,4,3761,10,0,0,1,0,0,1,0,0,1,0,0,0,0,0,0,1,0,0,1,0,0
53,4,10934,35,0,0,0,1,0,0,1,1,0,0,0,0,0,0,0,0,1,0,0,1,0
45,1,10761,18,0,0,0,1,0,0,1,0,1,0,0,0,0,0,0,0,1,0,1,0,0
32,3,5175,9,1,0,0,1,0,1,0,1,0,0,0,0,0,0,0,1,0,0,0,1,0
52,4,13826,31,0,0,1,0,0,1,0,1,0,0,0,0,0,1,0,0,0,0,0,1,0
37,3,6334,9,0,0,0,1,0,0,1,0,1,0,0,0,0,0,0,0,1,0,1,0,0
28,4,4936,6,0,0,0,1,1,0,0,0,1,0,1,0,0,0,0,0,0,0,1,0,0
22,4,4775,4,2,0,0,1,0,1,0,0,1,0,0,0,0,1,0,0,0,0,0,1,0
44,4,2818,10,0,0,0,1,0,1,0,0,1,0,0,1,0,0,0,0,0,0,0,1,0
42,4,2515,8,2,0,1,0,0,1,0,0,1,0,0,0,0,0,0,1,0,0,0,0,1
36,1,2342,6,0,0,0,1,1,0,0,0,1,0,1,0,0,0,0,0,0,0,0,1,0
25,1,4194,5,0,0,0,1,0,0,1,0,1,0,0,0,0,0,0,0,1,0,0,1,0
35,3,10685,17,5,0,0,1,0,1,0,1,0,0,0,0,0,1,0,0,0,0,0,1,0
35,2,2022,10,7,0,1,0,0,1,0,1,0,0,0,0,0,0,0,1,0,0,1,0,0
32,4,2314,4,0,1,0,0,0,1,0,0,1,0,0,1,0,0,0,0,0,0,1,0,0
25,1,4256,5,0,0,0,1,0,0,1,0,1,0,0,0,0,0,0,0,1,0,0,1,0
49,1,3580,7,0,0,0,1,0,1,0,1,0,0,0,0,0,0,0,1,0,0,0,1,0
24,4,3162,6,3,1,0,0,0,1,0,0,1,0,0,1,0,0,0,0,0,0,0,1,0
32,2,6524,10,5,0,1,0,0,0,1,0,1,0,0,0,0,0,0,0,1,0,0,1,0
38,2,2899,3,1,0,0,1,0,0,1,0,1,0,0,0,0,0,0,0,0,1,0,1,0
42,4,5231,17,1,0,0,1,0,1,0,1,0,0,0,1,0,0,0,0,0,0,0,1,0
31,4,2356,8,0,0,0,1,0,1,0,0,1,0,0,0,0,0,0,1,0,0,0,1,0
29,3,2800,5,0,0,0,1,0,0,1,1,0,0,0,0,0,0,0,0,0,1,1,0,0
53,4,11836,28,2,0,0,1,0,0,1,0,1,0,0,0,0,0,0,0,1,0,0,1,0
35,2,10903,16,4,0,0,1,0,1,0,0,1,0,0,0,0,1,0,0,0,0,0,1,0
37,4,2973,10,0,0,1,0,0,0,1,1,0,0,0,0,0,0,0,0,0,1,0,1,0
53,4,14275,33,3,0,0,1,0,1,0,1,0,0,0,0,0,0,1,0,0,0,0,0,1
43,4,5562,12,2,0,1,0,0,1,0,1,0,1,0,0,0,0,0,0,0,0,0,1,0
47,4,4537,8,7,0,0,1,0,0,1,1,0,0,0,0,0,0,0,0,1,0,0,1,0
37,2,7642,10,0,1,0,0,0,0,1,0,1,0,0,0,0,0,0,0,1,0,0,0,1
50,1,17924,31,14,1,0,0,0,1,0,0,1,0,0,0,1,0,0,0,0,0,1,0,0
39,4,5204,13,0,0,0,1,1,0,0,1,0,0,1,0,0,0,0,0,0,0,0,1,0
33,2,2277,7,0,0,0,1,1,0,0,0,1,0,1,0,0,0,0,0,0,0,1,0,0
32,4,2795,1,0,0,0,1,0,1,0,0,1,0,0,1,0,0,0,0,0,0,0,0,1
29,4,2532,8,0,0,0,1,0,1,0,1,0,0,0,1,0,0,0,0,0,0,1,0,0
44,1,2559,8,7,0,0,1,0,1,0,0,1,0,0,0,0,0,0,1,0,0,0,1,0
28,4,4908,4,0,0,0,1,0,0,1,0,1,0,0,0,0,0,0,0,1,0,0,0,1
58,4,2380,3,0,0,1,0,0,1,0,0,1,0,0,1,0,0,0,0,0,0,1,0,0
43,2,4765,4,0,0,0,1,0,1,0,1,0,0,0,0,0,1,0,0,0,0,1,0,0
20,3,2044,2,0,0,0,1,0,0,1,1,0,0,0,0,0,0,0,0,0,1,0,0,1
21,4,2693,1,0,0,0,1,0,1,0,1,0,0,0,0,0,0,0,1,0,0,0,0,1
36,4,6586,17,4,0,0,1,0,1,0,0,1,1,0,0,0,0,0,0,0,0,0,1,0
47,4,3294,3,1,0,0,1,0,0,1,1,0,0,0,0,0,0,0,0,0,1,0,0,1
22,3,4171,4,0,0,0,1,0,1,0,1,0,0,0,0,0,1,0,0,0,0,0,1,0
41,4,2778,10,1,0,0,1,0,1,0,1,0,0,0,1,0,0,0,0,0,0,1,0,0
28,3,2377,6,2,0,0,1,0,1,0,1,0,0,0,0,0,0,0,1,0,0,1,0,0
39,1,2404,8,2,0,0,1,0,1,0,0,1,0,0,1,0,0,0,0,0,0,0,1,0
27,3,2318,1,0,0,0,1,0,1,0,1,0,0,0,0,0,0,0,1,0,0,0,0,1
34,2,2008,1,1,0,0,1,0,1,0,0,1,0,0,1,0,0,0,0,0,0,1,0,0
42,3,6244,10,0,0,0,1,0,0,1,1,0,0,0,0,0,0,0,0,1,0,0,0,1
33,1,2799,6,0,0,0,1,0,1,0,0,1,0,0,0,0,0,0,1,0,0,0,0,1
58,2,10552,24,0,0,0,1,0,1,0,1,0,1,0,0,0,0,0,0,0,0,1,0,0
31,3,2329,13,5,0,0,1,0,0,1,0,1,0,0,0,0,0,0,0,0,1,0,1,0
35,4,4014,10,0,0,0,1,0,1,0,1,0,1,0,0,0,0,0,0,0,0,0,1,0
49,2,7403,29,1,0,0,1,0,1,0,1,0,0,0,1,0,0,0,0,0,0,0,1,0
48,3,2259,13,0,0,0,1,0,1,0,0,1,0,0,0,0,0,0,1,0,0,0,1,0
31,3,6932,9,0,1,0,0,0,0,1,1,0,0,0,0,0,0,0,0,1,0,0,1,0
36,4,4678,8,0,0,0,1,0,1,0,0,1,0,0,0,0,0,0,1,0,0,0,0,1
38,1,13582,15,5,0,0,1,0,1,0,1,0,0,0,0,0,0,1,0,0,0,0,1,0
32,2,2332,5,0,1,0,0,0,1,0,1,0,0,0,1,0,0,0,0,0,0,0,1,0
25,2,2413,1,0,0,0,1,0,0,1,0,1,0,0,0,0,0,0,0,0,1,0,1,0
40,2,9705,11,0,0,0,1,0,0,1,0,1,0,0,0,0,0,0,0,1,0,1,0,0
26,1,4294,7,0,0,1,0,0,0,1,0,1,0,0,0,0,0,0,0,1,0,0,0,1
41,1,4721,20,2,0,0,1,0,1,0,0,1,0,0,1,0,0,0,0,0,0,0,0,1
36,3,2519,16,3,0,0,1,0,1,0,0,1,0,0,1,0,0,0,0,0,0,0,0,1
19,2,2121,1,0,0,0,1,0,0,1,0,1,0,0,0,0,0,0,0,0,1,0,0,1
20,1,2973,1,0,0,0,1,0,1,0,0,1,0,0,1,0,0,0,0,0,0,0,0,1
31,4,5855,10,8,0,0,1,0,1,0,1,0,1,0,0,0,0,0,0,0,0,0,1,0
40,2,3617,3,0,0,1,0,0,1,0,0,1,0,0,0,0,0,0,1,0,0,1,0,0
32,1,6725,8,6,0,0,1,0,1,0,1,0,0,0,0,0,1,0,0,0,0,0,1,0
36,4,10325,16,3,0,0,1,0,0,1,0,1,0,0,0,0,0,0,0,1,0,0,1,0
33,4,6949,6,1,0,0,1,0,1,0,1,0,1,0,0,0,0,0,0,0,0,0,0,1
37,3,10609,17,11,0,0,1,0,0,1,0,1,0,0,0,0,0,0,0,1,0,0,1,0
45,2,4447,9,0,1,0,0,0,1,0,0,1,0,0,1,0,0,0,0,0,0,0,1,0
29,4,2157,3,0,0,1,0,0,0,1,1,0,0,0,0,0,0,0,0,0,1,0,1,0
35,3,4601,5,1,0,0,1,0,0,1,1,0,0,0,0,0,0,0,0,1,0,0,1,0
52,4,17099,26,7,0,0,1,0,1,0,0,1,0,0,0,1,0,0,0,0,0,0,1,0
58,3,2479,7,0,0,0,1,0,1,0,0,1,0,0,0,0,0,0,1,0,0,0,0,1
53,3,14852,22,15,0,0,1,0,0,1,0,1,0,0,0,1,0,0,0,0,0,1,0,0
30,3,7264,10,7,0,0,1,0,0,1,0,1,0,0,0,0,0,0,0,1,0,1,0,0
38,4,5666,6,1,1,0,0,0,0,1,1,0,0,0,0,0,0,0,0,1,0,0,0,1
35,4,7823,12,0,0,0,1,0,0,1,0,1,0,0,0,0,0,0,0,1,0,1,0,0
39,3,7880,9,0,0,0,1,0,0,1,0,1,0,0,0,0,0,0,0,1,0,0,0,1
40,2,13194,22,0,1,0,0,0,0,1,1,0,0,0,0,0,0,0,0,1,0,0,0,1
47,3,5067,20,2,0,1,0,0,1,0,0,1,0,0,0,0,1,0,0,0,0,1,0,0
36,4,5079,12,0,1,0,0,0,0,1,0,1,0,0,0,0,0,0,0,1,0,1,0,0
31,1,2321,4,1,1,0,0,0,1,0,0,1,0,0,0,0,0,0,1,0,0,0,0,1
33,3,17444,10,6,1,0,0,0,0,1,0,1,0,0,0,1,0,0,0,0,0,0,0,1
29,1,2404,3,0,0,0,1,0,1,0,1,0,0,0,0,0,0,0,1,0,0,0,0,1
33,4,3452,5,0,0,0,1,0,1,0,1,0,0,0,0,0,0,0,1,0,0,0,0,1
45,4,2270,8,0,0,0,1,0,1,0,1,0,0,0,1,0,0,0,0,0,0,1,0,0
50,4,17399,32,1,0,0,1,0,1,0,0,1,0,0,0,0,0,1,0,0,0,1,0,0
33,2,5488,6,1,0,1,0,0,1,0,1,0,1,0,0,0,0,0,0,0,0,0,1,0
41,3,19419,21,0,0,1,0,0,1,0,0,1,0,0,0,0,0,1,0,0,0,1,0,0
27,2,2811,4,2,0,0,1,0,1,0,1,0,0,0,1,0,0,0,0,0,0,0,1,0
45,1,3633,9,0,1,0,0,0,1,0,0,1,0,0,1,0,0,0,0,0,0,0,1,0
47,4,4163,9,0,0,0,1,0,0,1,1,0,0,0,0,0,0,0,0,1,0,0,0,1
30,3,2132,7,0,0,0,1,0,1,0,1,0,0,0,0,0,0,0,1,0,0,0,1,0
50,3,13973,22,1,0,0,1,0,1,0,0,1,0,0,0,0,1,0,0,0,0,0,1,0
38,3,2684,3,0,0,1,0,0,1,0,0,1,0,0,0,0,0,0,1,0,0,0,1,0
46,3,10845,13,0,0,0,1,0,1,0,0,1,0,0,0,0,1,0,0,0,0,1,0,0
24,3,4377,5,3,0,0,1,0,1,0,1,0,0,0,0,0,1,0,0,0,0,1,0,0
35,2,3743,5,0,0,0,1,0,1,0,0,1,0,0,1,0,0,0,0,0,0,1,0,0
31,1,4148,4,0,0,1,0,0,1,0,1,0,0,0,0,0,1,0,0,0,0,0,1,0
18,4,1051,0,0,1,0,0,0,1,0,0,1,0,0,0,0,0,0,1,0,0,0,0,1
54,3,10739,22,0,0,0,1,0,1,0,1,0,0,0,0,0,1,0,0,0,0,0,1,0
35,3,10388,16,10,0,0,1,0,1,0,1,0,1,0,0,0,0,0,0,0,0,1,0,0
30,1,11416,9,1,0,0,1,0,1,0,1,0,0,0,0,0,0,1,0,0,0,0,1,0
20,1,2600,1,0,0,0,1,0,1,0,1,0,0,0,0,0,0,0,1,0,0,0,0,1
30,2,2422,4,1,0,1,0,0,1,0,1,0,0,0,1,0,0,0,0,0,0,0,0,1
26,4,5472,8,1,0,0,1,0,1,0,0,1,0,0,0,0,1,0,0,0,0,0,1,0
22,1,2451,4,1,0,0,1,0,1,0,0,1,0,0,1,0,0,0,0,0,0,0,1,0
48,3,4240,19,2,0,0,1,0,1,0,0,1,1,0,0,0,0,0,0,0,0,0,0,1
48,3,10999,27,4,0,0,1,0,1,0,0,1,1,0,0,0,0,0,0,0,0,0,0,1
41,3,5003,8,2,0,0,1,0,1,0,1,0,0,0,0,0,1,0,0,0,0,0,0,1
39,4,12742,21,11,0,0,1,0,1,0,1,0,0,0,0,0,1,0,0,0,0,0,1,0
27,4,4227,4,2,0,0,1,0,1,0,1,0,0,0,0,0,1,0,0,0,0,0,1,0
35,4,3917,3,1,0,0,1,0,1,0,0,1,0,0,1,0,0,0,0,0,0,1,0,0
42,3,18303,21,0,0,0,1,0,0,1,0,1,0,0,0,1,0,0,0,0,0,0,1,0
50,4,2380,8,0,0,0,1,0,1,0,0,1,0,0,1,0,0,0,0,0,0,0,1,0
59,4,13726,30,4,0,0,1,0,1,0,1,0,0,0,0,0,1,0,0,0,0,0,0,1
37,2,4777,15,0,0,0,1,0,1,0,1,0,1,0,0,0,0,0,0,0,0,0,1,0
55,2,6385,17,6,0,1,0,0,1,0,0,1,1,0,0,0,0,0,0,0,0,0,1,0
41,3,19973,21,5,1,0,0,0,1,0,1,0,0,0,0,0,0,1,0,0,0,1,0,0
38,4,6861,19,0,0,0,1,0,0,1,0,1,0,0,0,0,0,0,0,1,0,0,0,1
26,1,4969,7,2,1,0,0,0,0,1,0,1,0,0,0,0,0,0,0,1,0,0,0,1
52,4,19845,33,6,0,0,1,0,0,1,1,0,0,0,0,1,0,0,0,0,0,0,1,0
44,4,13320,23,11,0,0,1,0,0,1,1,0,0,0,0,0,0,0,0,1,0,0,1,0
50,3,6347,19,0,1,0,0,0,0,1,1,0,0,0,0,0,0,0,0,1,0,0,1,0
36,1,2743,18,15,0,0,1,0,1,0,1,0,0,0,1,0,0,0,0,0,0,0,0,1
39,1,10880,21,2,0,1,0,0,1,0,1,0,0,0,0,0,1,0,0,0,0,0,0,1
33,4,2342,3,2,1,0,0,0,0,1,1,0,0,0,0,0,0,0,0,0,1,0,0,1
45,4,17650,26,1,0,0,1,0,0,1,1,0,0,0,0,1,0,0,0,0,0,0,1,0
32,3,4025,10,7,1,0,0,0,1,0,1,0,0,0,1,0,0,0,0,0,0,0,0,1
34,4,9725,16,0,0,0,1,0,0,1,0,1,0,0,0,0,0,0,0,1,0,1,0,0
59,4,11904,14,0,0,0,1,0,0,1,0,1,0,0,0,1,0,0,0,0,0,0,1,0
45,2,2177,6,0,0,0,1,1,0,0,0,1,0,1,0,0,0,0,0,0,0,0,0,1
53,2,7525,30,6,0,1,0,0,0,1,1,0,0,0,0,0,0,0,0,1,0,0,1,0
36,3,4834,9,0,0,0,1,0,1,0,0,1,0,0,1,0,0,0,0,0,0,1,0,0
26,1,2042,6,1,0,1,0,0,1,0,0,1,0,0,0,0,0,0,1,0,0,0,1,0
34,3,2220,1,0,0,0,1,0,0,1,1,0,0,0,0,0,0,0,0,0,1,0,1,0
28,2,1052,1,0,0,0,1,0,0,1,0,1,0,0,0,0,0,0,0,0,1,0,1,0
38,3,2821,8,2,0,1,0,0,1,0,0,1,0,0,0,0,0,0,1,0,0,0,1,0
50,3,19237,29,7,0,0,1,0,1,0,0,1,0,0,0,0,0,1,0,0,0,0,1,0
37,2,4107,8,0,0,0,1,0,1,0,1,0,1,0,0,0,0,0,0,0,0,0,0,1
40,1,8396,8,7,0,0,1,0,0,1,0,1,0,0,0,0,0,0,0,1,0,0,1,0
26,3,2007,5,1,0,1,0,0,1,0,1,0,0,0,0,0,0,0,1,0,0,1,0,0
46,4,19627,23,2,0,0,1,0,1,0,0,1,0,0,0,0,0,1,0,0,0,1,0,0
54,3,10686,13,7,0,0,1,0,0,1,1,0,0,0,0,0,0,0,0,1,0,0,1,0
56,3,2942,18,0,0,1,0,0,1,0,1,0,0,0,0,0,0,0,1,0,0,0,1,0
36,4,8858,15,7,0,0,1,0,1,0,1,0,0,0,0,0,1,0,0,0,0,0,0,1
55,1,16756,31,6,1,0,0,0,1,0,0,1,0,0,0,1,0,0,0,0,0,0,0,1
43,4,10798,18,0,0,0,1,0,0,1,0,1,0,0,0,0,0,0,0,1,0,1,0,0
20,4,2323,2,0,0,1,0,0,0,1,1,0,0,0,0,0,0,0,0,0,1,0,0,1
21,1,1416,1,1,0,0,1,0,1,0,1,0,0,0,1,0,0,0,0,0,0,0,0,1
46,1,4615,19,1,0,0,1,0,1,0,1,0,0,0,0,0,0,0,1,0,0,1,0,0
51,3,2461,18,2,0,0,1,0,1,0,0,1,0,0,0,0,0,0,1,0,0,0,1,0
28,1,8722,10,1,1,0,0,0,1,0,0,1,1,0,0,0,0,0,0,0,0,0,0,1
26,1,3955,6,1,0,0,1,0,1,0,0,1,0,0,1,0,0,0,0,0,0,0,1,0
30,1,9957,7,0,0,0,1,0,1,0,0,1,0,0,0,0,1,0,0,0,0,0,1,0
41,3,3376,10,0,0,0,1,0,1,0,1,0,0,0,0,0,0,0,1,0,0,0,1,0
38,3,8823,20,1,0,0,1,0,1,0,1,0,1,0,0,0,0,0,0,0,0,0,1,0
40,4,10322,14,11,0,0,1,0,1,0,0,1,1,0,0,0,0,0,0,0,0,0,1,0
27,3,4621,3,1,1,0,0,0,1,0,0,1,0,0,1,0,0,0,0,0,0,0,1,0
55,2,10976,23,1,0,1,0,0,1,0,0,1,0,0,0,0,1,0,0,0,0,0,1,0
28,3,3660,10,1,0,0,1,0,1,0,1,0,0,0,0,0,0,0,1,0,0,0,0,1
44,1,10482,24,3,0,0,1,1,0,0,0,1,0,1,0,0,0,0,0,0,0,0,1,0
33,4,7119,9,1,0,0,1,0,1,0,0,1,1,0,0,0,0,0,0,0,0,1,0,0
35,1,9582,9,4,0,0,1,0,0,1,0,1,0,0,0,0,0,0,0,1,0,0,0,1
33,3,4508,14,3,0,1,0,0,1,0,1,0,0,0,0,0,0,0,1,0,0,0,0,1
28,3,2207,4,2,0,0,1,0,1,0,0,1,0,0,1,0,0,0,0,0,0,1,0,0
34,4,7756,7,0,0,1,0,0,1,0,0,1,1,0,0,0,0,0,0,0,0,0,0,1
37,4,6694,8,0,0,0,1,0,0,1,1,0,0,0,0,0,0,0,0,1,0,1,0,0
25,4,3691,7,5,0,0,1,0,1,0,0,1,0,0,1,0,0,0,0,0,0,0,1,0
26,3,2377,1,0,0,0,1,0,1,0,0,1,0,0,1,0,0,0,0,0,0,1,0,0
33,2,2313,5,2,0,0,1,0,1,0,0,1,0,0,0,0,0,0,1,0,0,0,0,1
42,1,17665,23,13,0,0,1,0,1,0,0,1,0,0,0,1,0,0,0,0,0,0,1,0
28,2,2596,1,0,0,1,0,0,1,0,0,1,0,0,1,0,0,0,0,0,0,1,0,0
50,3,4728,5,0,0,1,0,0,0,1,0,1,0,0,0,0,0,0,0,1,0,0,0,1
33,2,4302,4,0,0,1,0,0,0,1,1,0,0,0,0,0,0,0,0,1,0,0,1,0
34,4,2979,6,0,1,0,0,0,1,0,0,1,0,0,0,0,0,0,1,0,0,0,1,0
48,4,16885,27,2,1,0,0,0,1,0,0,1,0,0,0,1,0,0,0,0,0,0,0,1
45,3,5593,15,4,1,0,0,0,0,1,1,0,0,0,0,0,0,0,0,1,0,0,1,0
52,2,10445,18,4,0,0,1,0,1,0,0,1,1,0,0,0,0,0,0,0,0,0,0,1
38,3,8740,9,2,0,0,1,0,0,1,0,1,0,0,0,0,0,0,0,1,0,1,0,0
29,4,2514,11,1,0,0,1,0,1,0,1,0,0,0,0,0,0,0,1,0,0,1,0,0
28,2,7655,10,1,0,0,1,0,1,0,1,0,0,0,0,0,1,0,0,0,0,1,0,0
46,3,17465,23,4,0,0,1,0,0,1,0,1,0,0,0,1,0,0,0,0,0,0,1,0
38,2,7351,10,0,0,0,1,0,0,1,0,1,0,0,0,0,0,0,0,1,0,0,0,1
43,1,10820,18,0,0,1,0,0,1,0,1,0,0,0,0,0,1,0,0,0,0,0,1,0
39,4,12169,21,11,0,1,0,0,1,0,0,1,1,0,0,0,0,0,0,0,0,1,0,0
40,3,19626,21,4,0,0,1,0,1,0,0,1,0,0,0,0,0,1,0,0,0,0,0,1
21,2,2070,2,2,0,0,1,0,1,0,1,0,0,0,0,0,0,0,1,0,0,0,0,1
39,2,6782,9,0,1,0,0,0,1,0,0,1,0,0,1,0,0,0,0,0,0,0,0,1
36,4,7779,18,0,1,0,0,0,1,0,0,1,0,0,0,0,1,0,0,0,0,0,0,1
31,4,2791,3,2,0,1,0,0,0,1,0,1,0,0,0,0,0,0,0,0,1,0,1,0
28,2,3201,6,0,0,0,1,0,1,0,0,1,0,0,0,0,0,0,1,0,0,0,1,0
35,4,4968,5,0,0,1,0,0,0,1,0,1,0,0,0,0,0,0,0,1,0,1,0,0
49,2,13120,22,2,0,0,1,0,0,1,0,1,0,0,0,0,0,0,0,1,0,0,1,0
34,3,4033,5,0,0,1,0,0,1,0,0,1,0,0,0,0,1,0,0,0,0,0,0,1
29,2,3291,8,1,0,1,0,0,1,0,1,0,0,0,0,0,0,0,1,0,0,1,0,0
42,4,4272,16,0,0,0,1,0,1,0,0,1,0,0,1,0,0,0,0,0,0,0,0,1
29,4,5056,10,1,0,0,1,0,1,0,0,1,0,0,0,0,1,0,0,0,0,0,1,0
38,3,2844,7,5,0,0,1,1,0,0,0,1,0,1,0,0,0,0,0,0,0,0,1,0
28,3,2703,3,0,0,1,0,0,1,0,0,1,0,0,0,0,0,0,1,0,0,1,0,0
18,3,1904,0,0,1,0,0,0,1,0,0,1,0,0,1,0,0,0,0,0,0,0,0,1
33,1,8224,6,0,0,0,1,0,0,1,1,0,0,0,0,0,0,0,0,1,0,0,0,1
41,4,4766,6,0,0,0,1,0,1,0,0,1,0,0,1,0,0,0,0,0,0,0,1,0
31,3,2610,2,2,0,1,0,0,1,0,0,1,0,0,1,0,0,0,0,0,0,0,1,0
37,4,5731,9,1,0,0,1,0,1,0,1,0,1,0,0,0,0,0,0,0,0,1,0,0
27,3,2539,4,2,0,0,1,0,1,0,0,1,0,0,0,0,0,0,1,0,0,0,1,0
34,3,5714,6,1,0,0,1,0,0,1,1,0,0,0,0,0,0,0,0,1,0,0,1,0
35,3,4323,6,1,0,0,1,1,0,0,0,1,0,1,0,0,0,0,0,0,0,0,0,1
29,1,7336,11,3,0,0,1,0,0,1,1,0,0,0,0,0,0,0,0,1,0,0,1,0
40,3,13499,20,2,0,1,0,0,1,0,1,0,0,0,0,0,0,1,0,0,0,0,0,1
42,1,13758,22,13,0,1,0,0,0,1,0,1,0,0,0,0,0,0,0,1,0,0,0,1
42,1,5155,9,1,0,0,1,0,0,1,0,1,0,0,0,0,0,0,0,1,0,0,0,1
35,3,2258,10,1,0,0,1,0,1,0,0,1,0,0,1,0,0,0,0,0,0,0,1,0
24,2,3597,6,1,0,0,1,0,1,0,0,1,0,0,1,0,0,0,0,0,0,0,0,1
28,4,2515,1,0,0,0,1,0,1,0,1,0,0,0,1,0,0,0,0,0,0,0,1,0
26,4,4420,8,0,0,0,1,0,1,0,0,1,0,0,1,0,0,0,0,0,0,0,1,0
30,3,6578,10,1,0,0,1,0,0,1,0,1,0,0,0,0,0,0,0,1,0,0,1,0
40,4,4422,16,0,0,1,0,0,1,0,1,0,0,0,0,0,0,0,1,0,0,0,1,0
35,2,10274,15,6,0,0,1,0,1,0,0,1,0,0,0,0,1,0,0,0,0,1,0,0
34,1,5343,14,4,0,1,0,0,1,0,0,1,1,0,0,0,0,0,0,0,0,0,0,1
35,4,2376,2,2,0,1,0,0,1,0,0,1,0,0,1,0,0,0,0,0,0,0,1,0
43,3,5346,7,1,0,0,1,0,0,1,1,0,0,0,0,0,0,0,0,1,0,0,0,1
32,1,2827,1,0,1,0,0,0,0,1,1,0,0,0,0,0,0,0,0,0,1,1,0,0
56,1,19943,28,4,0,0,1,0,1,0,1,0,0,0,0,1,0,0,0,0,0,1,0,0
29,4,3131,10,0,0,0,1,0,1,0,1,0,0,0,1,0,0,0,0,0,0,0,1,0
19,1,2552,1,0,0,0,1,0,1,0,0,1,0,0,0,0,0,0,1,0,0,0,0,1
45,3,4477,7,0,0,0,1,0,1,0,1,0,0,0,0,0,0,0,1,0,0,0,1,0
37,4,6474,14,3,0,0,1,0,1,0,1,0,0,0,0,0,1,0,0,0,0,0,1,0
20,3,3033,2,1,0,0,1,0,1,0,0,1,0,0,1,0,0,0,0,0,0,0,0,1
44,3,2936,6,0,0,0,1,0,1,0,0,1,0,0,0,0,0,0,1,0,0,0,0,1
53,3,18606,26,4,0,0,1,0,1,0,1,0,0,0,0,1,0,0,0,0,0,1,0,0
29,4,2168,6,1,0,0,1,0,1,0,1,0,0,0,0,0,0,0,1,0,0,0,1,0
22,4,2853,1,0,0,1,0,0,1,0,0,1,0,0,0,0,0,0,1,0,0,0,1,0
46,1,17048,28,15,0,0,1,0,0,1,1,0,0,0,0,1,0,0,0,0,0,0,1,0
44,3,2290,6,0,1,0,0,0,1,0,0,1,0,0,0,0,0,0,1,0,0,0,0,1
33,3,3600,5,1,0,0,1,1,0,0,0,1,0,1,0,0,0,0,0,0,0,0,1,0
41,1,2107,5,0,1,0,0,0,1,0,0,1,0,0,0,0,0,0,1,0,0,1,0,0
30,1,4115,8,0,0,0,1,0,0,1,0,1,0,0,0,0,0,0,0,1,0,1,0,0
40,2,4327,5,0,0,1,0,0,0,1,0,1,0,0,0,0,0,0,0,1,0,0,1,0
50,1,17856,32,2,0,1,0,0,1,0,1,0,0,0,0,1,0,0,0,0,0,0,1,0
28,1,3196,6,3,0,0,1,0,1,0,0,1,0,0,1,0,0,0,0,0,0,0,1,0
46,2,19081,25,0,0,0,1,0,1,0,0,1,0,0,0,0,0,1,0,0,0,0,1,0
35,1,8966,15,1,0,0,1,0,0,1,0,1,0,0,0,0,0,0,0,1,0,0,1,0
24,2,2210,1,0,0,0,1,0,1,0,1,0,0,0,1,0,0,0,0,0,0,0,1,0
33,3,4539,10,0,0,1,0,0,0,1,1,0,0,0,0,0,0,0,0,1,0,0,1,0
36,3,2741,7,1,0,0,1,0,1,0,0,1,0,0,1,0,0,0,0,0,0,1,0,0
30,3,3491,10,8,0,0,1,0,1,0,0,1,0,0,1,0,0,0,0,0,0,1,0,0
44,4,4541,20,13,0,0,1,0,1,0,0,1,0,0,0,0,0,0,1,0,0,0,0,1
20,4,2678,2,2,0,0,1,0,0,1,0,1,0,0,0,0,0,0,0,0,1,0,0,1
46,4,7379,12,1,0,0,1,0,1,0,0,1,0,0,0,0,1,0,0,0,0,1,0,0
42,1,6272,10,0,1,0,0,1,0,0,0,1,0,1,0,0,0,0,0,0,0,0,1,0
60,4,5220,12,1,0,0,1,0,0,1,0,1,0,0,0,0,0,0,0,1,0,1,0,0
32,2,2743,2,2,0,1,0,0,1,0,1,0,0,0,1,0,0,0,0,0,0,0,1,0
32,3,4998,10,0,0,1,0,0,1,0,1,0,0,0,0,0,0,0,1,0,0,0,0,1
36,1,10252,17,7,0,0,1,0,1,0,1,0,0,0,0,0,1,0,0,0,0,1,0,0
33,4,2781,15,4,0,0,1,0,1,0,0,1,0,0,0,0,0,0,1,0,0,0,1,0
40,2,6852,7,1,0,0,1,0,0,1,1,0,0,0,0,0,0,0,0,1,0,1,0,0
25,4,4950,5,1,0,0,1,0,0,1,0,1,0,0,0,0,0,0,0,1,0,0,0,1
30,2,3579,12,5,0,0,1,0,1,0,0,1,0,0,0,0,0,0,1,0,0,0,1,0
42,1,13191,20,0,0,1,0,0,1,0,1,0,0,0,0,0,0,1,0,0,0,0,1,0
35,4,10377,16,4,1,0,0,0,0,1,1,0,0,0,0,0,0,0,0,1,0,0,1,0
27,1,2235,9,6,0,0,1,0,1,0,0,1,0,0,0,0,0,0,1,0,0,0,1,0
54,3,10502,33,1,0,1,0,0,1,0,1,0,0,0,0,0,1,0,0,0,0,1,0,0
44,4,2011,10,7,0,0,1,0,1,0,1,0,0,0,0,0,0,0,1,0,0,0,1,0
19,2,1859,1,0,1,0,0,0,1,0,1,0,0,0,0,0,0,0,1,0,0,0,0,1
29,4,3760,3,1,0,0,1,0,1,0,1,0,0,0,0,0,0,0,1,0,0,1,0,0
54,4,17779,36,0,0,0,1,0,1,0,0,1,0,0,0,0,0,1,0,0,0,0,1,0
31,1,6833,6,0,0,0,1,0,1,0,0,1,1,0,0,0,0,0,0,0,0,0,1,0
31,1,6812,10,1,0,0,1,0,1,0,1,0,1,0,0,0,0,0,0,0,0,0,0,1
59,4,5171,13,0,0,0,1,0,0,1,1,0,0,0,0,0,0,0,0,1,0,0,0,1
43,4,19740,25,0,0,0,1,0,1,0,0,1,0,0,0,0,0,1,0,0,0,0,1,0
49,3,18711,23,0,0,0,1,0,1,0,0,1,0,0,0,1,0,0,0,0,0,0,1,0
36,2,3692,12,0,0,1,0,0,1,0,0,1,0,0,0,0,0,0,1,0,0,0,1,0
48,2,2559,7,0,0,0,1,0,1,0,0,1,0,0,1,0,0,0,0,0,0,0,0,1
27,3,2517,5,0,0,0,1,0,1,0,0,1,0,0,0,0,0,0,1,0,0,1,0,0
29,4,6623,6,1,0,0,1,0,1,0,0,1,1,0,0,0,0,0,0,0,0,1,0,0
48,4,18265,25,0,0,0,1,0,1,0,0,1,0,0,0,0,0,1,0,0,0,0,0,1
29,4,16124,9,1,0,0,1,0,1,0,1,0,0,0,0,0,0,1,0,0,0,1,0,0
34,3,2585,2,0,0,0,1,0,1,0,1,0,0,0,0,0,0,0,1,0,0,0,1,0
44,2,18213,26,3,0,0,1,0,0,1,0,1,0,0,0,1,0,0,0,0,0,0,1,0
33,3,8380,10,0,0,0,1,0,0,1,0,1,0,0,0,0,0,0,0,1,0,1,0,0
19,4,2994,1,0,0,0,1,0,1,0,1,0,0,0,0,0,0,0,1,0,0,0,0,1
23,3,1223,1,0,0,0,1,0,1,0,0,1,0,0,0,0,0,0,1,0,0,0,1,0
25,4,1118,1,1,0,1,0,0,0,1,0,1,0,0,0,0,0,0,0,0,1,0,0,1
26,4,2875,8,2,0,0,1,0,1,0,0,1,0,0,0,0,0,0,1,0,0,0,0,1
45,2,18824,26,1,0,0,1,0,0,1,1,0,0,0,0,1,0,0,0,0,0,0,0,1
55,2,13577,34,15,1,0,0,0,1,0,0,1,1,0,0,0,0,0,0,0,0,1,0,0
21,3,2625,2,2,0,1,0,0,1,0,1,0,0,0,1,0,0,0,0,0,0,0,0,1
46,2,18789,26,0,0,0,1,0,0,1,1,0,0,0,0,1,0,0,0,0,0,0,1,0
34,1,4538,4,0,0,0,1,0,0,1,1,0,0,0,0,0,0,0,0,1,0,0,0,1
51,2,19847,31,11,0,1,0,0,0,1,0,1,0,0,0,1,0,0,0,0,0,1,0,0
59,4,10512,25,5,0,0,1,0,1,0,0,1,0,0,0,0,1,0,0,0,0,0,0,1
34,2,4444,15,5,0,1,0,0,1,0,1,0,0,0,1,0,0,0,0,0,0,1,0,0
28,3,2154,5,0,0,1,0,0,1,0,0,1,0,0,1,0,0,0,0,0,0,0,0,1
44,1,19190,26,14,0,0,1,0,1,0,0,1,0,0,0,1,0,0,0,0,0,1,0,0
34,2,4490,14,1,0,1,0,1,0,0,0,1,0,1,0,0,0,0,0,0,0,0,1,0
35,3,3506,4,2,0,0,1,0,1,0,0,1,0,0,0,0,0,0,1,0,0,0,1,0
42,2,2372,18,0,0,0,1,0,1,0,1,0,0,0,0,0,0,0,1,0,0,0,1,0
43,4,10231,23,15,0,0,1,0,0,1,1,0,0,0,0,0,0,0,0,1,0,0,0,1
36,2,5410,18,5,0,0,1,0,1,0,1,0,0,0,0,0,1,0,0,0,0,0,0,1
44,4,7978,10,0,0,0,1,0,1,0,1,0,1,0,0,0,0,0,0,0,0,0,1,0
28,4,3867,2,2,0,1,0,0,1,0,0,1,0,0,1,0,0,0,0,0,0,0,1,0
51,3,2838,8,7,0,1,0,0,1,0,1,0,0,0,1,0,0,0,0,0,0,0,0,1
30,3,4695,10,1,1,0,0,0,1,0,1,0,0,0,0,0,1,0,0,0,0,0,0,1
29,3,3339,10,7,0,0,1,0,1,0,1,0,0,0,1,0,0,0,0,0,0,1,0,0
28,1,2080,5,1,0,0,1,0,1,0,0,1,0,0,0,0,0,0,1,0,0,0,0,1
25,2,2096,2,2,0,0,1,0,1,0,1,0,0,0,0,0,0,0,1,0,0,0,0,1
32,4,6209,10,0,0,0,1,0,0,1,0,1,0,0,0,0,0,0,0,1,0,0,1,0
45,2,18061,22,0,0,1,0,0,1,0,1,0,0,0,0,1,0,0,0,0,0,0,0,1
39,2,17123,21,15,0,0,1,0,1,0,1,0,0,0,0,1,0,0,0,0,0,1,0,0
58,3,2372,2,2,0,0,1,0,1,0,0,1,0,0,0,0,0,0,1,0,0,1,0,0
32,3,4883,10,1,0,0,1,0,1,0,0,1,0,0,1,0,0,0,0,0,0,0,1,0
39,1,3904,6,0,0,0,1,0,1,0,0,1,0,0,0,0,0,0,1,0,0,0,0,1
30,4,4627,10,6,0,0,1,0,1,0,1,0,0,0,1,0,0,0,0,0,0,0,1,0
36,3,7094,10,1,0,0,1,0,1,0,1,0,1,0,0,0,0,0,0,0,0,0,1,0
46,1,3423,10,5,0,0,1,1,0,0,1,0,0,1,0,0,0,0,0,0,0,0,0,1
28,4,6674,10,7,1,0,0,0,1,0,1,0,0,0,1,0,0,0,0,0,0,0,1,0
50,1,16880,25,1,0,0,1,0,1,0,1,0,0,0,0,0,0,1,0,0,0,0,1,0
40,2,9094,9,1,0,0,1,0,0,1,0,1,0,0,0,0,0,0,0,1,0,0,0,1
52,2,8446,10,7,0,0,1,0,0,1,0,1,0,0,0,0,0,0,0,1,0,0,0,1
30,1,11916,9,0,0,0,1,0,1,0,1,0,0,0,0,1,0,0,0,0,0,0,1,0
39,3,4534,9,1,0,0,1,0,1,0,0,1,0,0,0,0,1,0,0,0,0,0,0,1
31,3,9852,10,9,1,0,0,0,0,1,1,0,0,0,0,0,0,0,0,1,0,1,0,0
41,2,6151,19,11,1,0,0,0,0,1,0,1,0,0,0,0,0,0,0,1,0,0,0,1
31,2,2302,3,2,0,1,0,0,0,1,1,0,0,0,0,0,0,0,0,0,1,0,0,1
44,1,2362,10,1,0,0,1,0,1,0,0,1,0,0,1,0,0,0,0,0,0,0,1,0
42,3,17861,21,2,1,0,0,0,1,0,0,1,0,0,0,1,0,0,0,0,0,0,1,0
55,3,19187,23,9,0,0,1,0,1,0,1,0,0,0,0,1,0,0,0,0,0,0,1,0
56,2,19717,36,7,0,0,1,1,0,0,0,1,0,0,0,1,0,0,0,0,0,0,0,1
40,3,3544,6,0,1,0,0,0,1,0,0,1,0,0,0,0,0,0,1,0,0,1,0,0
34,4,8500,10,1,0,0,1,0,1,0,0,1,1,0,0,0,0,0,0,0,0,1,0,0
40,4,4661,9,8,0,0,1,0,1,0,0,1,0,0,0,0,0,0,1,0,0,0,0,1
41,1,4103,10,1,0,1,0,0,0,1,1,0,0,0,0,0,0,0,0,1,0,1,0,0
35,3,4249,9,1,0,1,0,0,1,0,0,1,0,0,0,0,0,0,1,0,0,0,0,1
51,2,14026,33,0,0,0,1,1,0,0,0,1,0,0,0,1,0,0,0,0,0,1,0,0
38,1,6893,11,1,0,0,1,0,0,1,1,0,0,0,0,0,0,0,0,1,0,1,0,0
34,1,6125,10,9,0,0,1,0,0,1,1,0,0,0,0,0,0,0,0,1,0,0,0,1
25,4,3669,7,1,0,0,1,0,1,0,0,1,0,0,1,0,0,0,0,0,0,0,1,0
58,1,10008,31,5,0,0,1,0,1,0,1,0,0,0,0,0,1,0,0,0,0,0,1,0
40,2,2387,7,0,0,0,1,0,1,0,0,1,0,0,1,0,0,0,0,0,0,0,1,0
36,1,4639,17,6,0,1,0,0,0,1,1,0,0,0,0,0,0,0,0,1,0,0,1,0
48,4,7898,11,0,0,0,1,0,1,0,0,1,0,0,0,0,1,0,0,0,0,0,0,1
27,4,2534,5,0,0,0,1,0,0,1,1,0,0,0,0,0,0,0,0,0,1,0,1,0
51,2,13142,29,0,0,0,1,0,1,0,1,0,0,0,0,0,1,0,0,0,0,0,0,1
18,4,1611,0,0,1,0,0,0,1,0,1,0,0,0,1,0,0,0,0,0,0,0,0,1
35,4,5363,10,0,0,0,1,0,1,0,1,0,0,0,1,0,0,0,0,0,0,0,1,0
27,4,5071,8,0,0,1,0,0,0,1,0,1,0,0,0,0,0,0,0,1,0,0,0,1
55,3,13695,24,3,0,0,1,0,0,1,0,1,0,0,0,0,0,0,0,1,0,0,0,1
56,2,13402,33,15,0,0,1,0,1,0,0,1,0,0,0,0,1,0,0,0,0,0,1,0
34,3,2029,5,0,1,0,0,0,1,0,1,0,0,0,0,0,0,0,1,0,0,1,0,0
40,3,6377,15,11,0,0,1,0,1,0,1,0,1,0,0,0,0,0,0,0,0,1,0,0
34,3,5429,10,7,0,0,1,0,1,0,0,1,0,0,1,0,0,0,0,0,0,0,1,0
31,4,2785,3,0,0,1,0,0,0,1,1,0,0,0,0,0,0,0,0,0,1,0,0,1
35,3,4614,5,3,0,1,0,0,0,1,1,0,0,0,0,0,0,0,0,1,0,0,1,0
38,3,2610,4,0,0,1,0,0,1,0,0,1,0,0,0,0,0,0,1,0,0,1,0,0
34,4,6687,14,4,0,0,1,0,1,0,1,0,1,0,0,0,0,0,0,0,0,0,0,1
28,1,4724,5,0,0,0,1,0,0,1,0,1,0,0,0,0,0,0,0,1,0,0,1,0
31,3,6179,10,6,0,0,1,0,1,0,0,1,0,0,0,0,1,0,0,0,0,0,1,0
39,4,6120,8,1,0,0,1,0,0,1,0,1,0,0,0,0,0,0,0,1,0,0,1,0
51,2,10596,14,3,0,1,0,0,0,1,0,1,0,0,0,0,0,0,0,1,0,0,1,0
41,4,5467,12,3,0,1,0,0,1,0,1,0,0,0,0,0,0,0,1,0,0,1,0,0
37,3,2996,8,1,0,0,1,0,1,0,0,1,0,0,0,0,0,0,1,0,0,0,1,0
33,4,9998,8,1,0,1,0,0,0,1,0,1,0,0,0,0,0,0,0,1,0,0,1,0
32,2,4078,4,1,0,0,1,0,0,1,0,1,0,0,0,0,0,0,0,1,0,0,1,0
39,3,10920,13,0,1,0,0,0,1,0,0,1,1,0,0,0,0,0,0,0,0,0,1,0
25,3,6232,6,1,0,0,1,0,0,1,0,1,0,0,0,0,0,0,0,1,0,0,1,0
52,3,13247,24,0,0,1,0,0,1,0,1,0,0,0,0,0,1,0,0,0,0,0,1,0
43,3,4081,20,1,0,0,1,0,1,0,1,0,0,0,0,0,0,0,1,0,0,0,0,1
27,4,5769,6,4,0,0,1,0,0,1,1,0,0,0,0,0,0,0,0,1,0,0,1,0
27,3,2394,8,7,0,0,1,0,1,0,1,0,0,0,0,0,0,0,1,0,0,0,0,1
26,4,3904,5,1,0,0,1,0,1,0,0,1,0,0,0,0,0,0,1,0,0,0,0,1
42,1,16799,21,0,0,0,1,1,0,0,1,0,0,0,0,1,0,0,0,0,0,0,1,0
52,1,2950,12,0,0,0,1,0,1,0,1,0,0,0,1,0,0,0,0,0,0,0,1,0
37,3,3629,8,0,0,0,1,0,1,0,1,0,0,0,1,0,0,0,0,0,0,0,0,1
35,4,9362,10,2,0,1,0,0,1,0,0,1,0,0,0,0,1,0,0,0,0,0,0,1
25,4,3229,7,0,0,0,1,0,1,0,0,1,0,0,1,0,0,0,0,0,0,0,1,0
26,1,3578,8,0,0,0,1,0,1,0,0,1,0,0,1,0,0,0,0,0,0,0,0,1
29,1,7988,10,0,0,0,1,1,0,0,0,1,0,1,0,0,0,0,0,0,0,0,0,1
49,1,4284,20,1,0,1,0,0,1,0,0,1,0,0,1,0,0,0,0,0,0,0,0,1
29,4,7553,9,7,0,1,0,0,1,0,1,0,1,0,0,0,0,0,0,0,0,0,0,1
54,4,17328,29,12,0,0,1,0,1,0,1,0,0,0,0,0,0,1,0,0,0,0,0,1
58,1,19701,32,1,0,0,1,0,1,0,1,0,0,0,0,0,0,1,0,0,0,0,1,0
55,4,14732,31,0,0,0,1,0,1,0,0,1,0,0,0,0,0,1,0,0,0,1,0,0
36,2,9278,15,0,0,0,1,0,0,1,1,0,0,0,0,0,0,0,0,1,0,0,0,1
31,3,1359,1,0,0,1,0,0,0,1,1,0,0,0,0,0,0,0,0,0,1,0,0,1
30,1,4779,8,0,0,0,1,0,0,1,1,0,0,0,0,0,0,0,0,1,0,1,0,0
31,2,16422,9,1,0,0,1,0,1,0,1,0,0,0,0,0,0,1,0,0,0,0,0,1
34,1,2996,10,1,0,1,0,0,1,0,0,1,0,0,0,0,0,0,1,0,0,1,0,0
31,2,1261,1,0,0,0,1,0,1,0,1,0,0,0,0,0,0,0,1,0,0,0,0,1
27,1,2099,6,1,0,0,1,0,1,0,0,1,0,0,1,0,0,0,0,0,0,0,1,0
36,4,5810,10,1,0,0,1,0,1,0,0,1,0,0,1,0,0,0,0,0,0,0,0,1
36,1,5647,11,0,0,0,1,0,0,1,1,0,0,0,0,0,0,0,0,1,0,0,1,0
47,4,3420,17,1,0,0,1,0,1,0,0,1,0,0,0,0,0,0,1,0,0,0,1,0
25,1,4400,6,2,0,0,1,0,0,1,0,1,0,0,0,0,0,0,0,0,1,0,1,0
37,3,3500,7,1,1,0,0,0,1,0,0,1,0,0,1,0,0,0,0,0,0,0,0,1
56,1,2066,5,1,0,0,1,0,1,0,1,0,0,0,0,0,0,0,1,0,0,0,1,0
47,3,17169,26,5,0,0,1,0,1,0,1,0,0,0,0,0,0,1,0,0,0,0,1,0
24,3,4162,5,0,0,0,1,0,0,1,1,0,0,0,0,0,0,0,0,1,0,0,1,0
32,4,9204,7,0,0,0,1,0,0,1,0,1,0,0,0,0,0,0,0,1,0,0,1,0
34,2,3294,7,0,0,0,1,0,1,0,1,0,0,0,1,0,0,0,0,0,0,0,1,0
41,3,2127,7,0,0,0,1,0,1,0,0,1,0,0,0,0,0,0,1,0,0,0,1,0
40,3,3975,11,0,1,0,0,0,1,0,0,1,0,0,1,0,0,0,0,0,0,1,0,0
31,4,10793,13,9,0,0,1,0,0,1,0,1,0,0,0,0,0,0,0,1,0,1,0,0
46,4,10096,28,4,0,0,1,0,0,1,0,1,0,0,0,0,0,0,0,1,0,1,0,0
39,1,3646,11,0,1,0,0,0,1,0,1,0,0,0,1,0,0,0,0,0,0,0,0,1
31,2,7446,10,4,0,1,0,0,1,0,1,0,0,0,0,0,1,0,0,0,0,0,0,1
45,1,10851,24,0,0,0,1,0,1,0,0,1,1,0,0,0,0,0,0,0,0,1,0,0
31,2,2109,8,0,0,0,1,1,0,0,1,0,0,1,0,0,0,0,0,0,0,0,0,1
31,4,3722,7,2,0,1,0,0,1,0,0,1,0,0,1,0,0,0,0,0,0,0,1,0
45,4,9380,10,1,0,0,1,0,1,0,0,1,0,0,0,0,1,0,0,0,0,0,1,0
48,1,5486,15,2,0,0,1,0,0,1,0,1,0,0,0,0,0,0,0,1,0,1,0,0
34,3,2742,2,2,0,0,1,1,0,0,1,0,0,1,0,0,0,0,0,0,0,0,1,0
40,2,13757,16,4,1,0,0,0,1,0,0,1,0,0,0,0,0,1,0,0,0,1,0,0
28,1,8463,6,1,0,0,1,0,0,1,0,1,0,0,0,0,0,0,0,1,0,0,0,1
44,3,3162,7,0,1,0,0,0,1,0,0,1,0,0,1,0,0,0,0,0,0,0,0,1
53,2,16598,35,8,0,0,1,0,1,0,0,1,0,0,0,0,0,1,0,0,0,0,0,1
49,3,6651,20,1,0,0,1,0,1,0,0,1,1,0,0,0,0,0,0,0,0,0,1,0
40,3,2345,8,1,0,0,1,0,1,0,0,1,0,0,0,0,0,0,1,0,0,1,0,0
44,2,3420,6,1,0,0,1,0,1,0,0,1,0,0,0,0,0,0,1,0,0,0,0,1
33,1,4373,5,0,0,1,0,0,0,1,0,1,0,0,0,0,0,0,0,1,0,0,1,0
34,1,4759,15,3,0,0,1,0,0,1,0,1,0,0,0,0,0,0,0,1,0,0,0,1
30,3,5301,4,2,0,0,1,0,0,1,0,1,0,0,0,0,0,0,0,1,0,0,1,0
42,4,3673,12,5,0,1,0,0,1,0,1,0,0,0,1,0,0,0,0,0,0,0,0,1
44,3,4768,11,0,0,1,0,0,0,1,1,0,0,0,0,0,0,0,0,1,0,0,1,0
30,3,1274,1,0,1,0,0,0,1,0,0,1,0,0,0,0,0,0,1,0,0,1,0,0
57,3,4900,13,2,0,0,1,0,1,0,0,1,0,0,0,0,0,0,1,0,0,0,1,0
49,2,10466,29,0,0,0,1,0,1,0,0,1,1,0,0,0,0,0,0,0,0,1,0,0
34,1,17007,16,6,0,1,0,0,1,0,0,1,0,0,0,0,0,1,0,0,0,1,0,0
28,3,2909,5,1,0,1,0,0,0,1,0,1,0,0,0,0,0,0,0,0,1,0,1,0
29,2,5765,7,0,0,1,0,0,0,1,1,0,0,0,0,0,0,0,0,1,0,0,0,1
34,2,4599,16,10,0,0,1,0,0,1,1,0,0,0,0,0,0,0,0,1,0,0,0,1
35,3,2404,1,0,0,0,1,0,0,1,0,1,0,0,0,0,0,0,0,0,1,0,1,0
24,1,3172,4,0,0,1,0,0,1,0,0,1,0,0,1,0,0,0,0,0,0,0,0,1
24,2,2033,1,0,1,0,0,0,0,1,1,0,0,0,0,0,0,0,0,0,1,0,1,0
44,3,10209,16,2,0,1,0,0,1,0,0,1,0,0,0,0,1,0,0,0,0,0,0,1
29,3,8620,10,0,0,0,1,0,0,1,0,1,0,0,0,0,0,0,0,1,0,1,0,0
30,3,2064,6,1,0,0,1,1,0,0,0,1,0,1,0,0,0,0,0,0,0,1,0,0
55,3,4035,4,1,0,0,1,0,1,0,0,1,1,0,0,0,0,0,0,0,0,0,1,0
33,2,3838,8,0,0,0,1,0,1,0,1,0,0,0,1,0,0,0,0,0,0,0,1,0
47,3,4591,11,1,0,0,1,0,0,1,1,0,0,0,0,0,0,0,0,1,0,0,1,0
28,1,2561,8,0,0,1,0,0,1,0,0,1,0,0,1,0,0,0,0,0,0,0,0,1
28,3,1563,1,0,0,0,1,0,1,0,0,1,0,0,0,0,0,0,1,0,0,1,0,0
28,1,4898,5,1,0,1,0,0,0,1,0,1,0,0,0,0,0,0,0,1,0,0,0,1
49,1,4789,10,1,0,0,1,0,1,0,1,0,0,0,1,0,0,0,0,0,0,0,1,0
29,2,3180,4,0,0,1,0,0,1,0,1,0,0,0,1,0,0,0,0,0,0,0,1,0
28,2,6549,8,1,0,0,1,0,1,0,0,1,0,0,0,0,1,0,0,0,0,0,1,0
33,3,6388,14,0,0,0,1,0,1,0,0,1,1,0,0,0,0,0,0,0,0,0,0,1
32,4,11244,10,0,0,0,1,0,1,0,0,1,0,0,0,1,0,0,0,0,0,0,0,1
54,4,16032,26,1,0,1,0,0,1,0,1,0,0,0,0,1,0,0,0,0,0,1,0,0
29,1,2362,11,0,0,0,1,0,1,0,0,1,0,0,0,0,0,0,1,0,0,0,0,1
44,1,16328,24,14,0,0,1,0,1,0,0,1,0,0,0,0,0,1,0,0,0,0,1,0
39,2,8376,9,2,0,0,1,0,1,0,1,0,0,0,0,0,1,0,0,0,0,0,0,1
46,2,16606,23,5,0,0,1,0,0,1,1,0,0,0,0,1,0,0,0,0,0,0,1,0
35,2,8606,11,3,0,0,1,0,1,0,1,0,1,0,0,0,0,0,0,0,0,0,0,1
23,3,2272,5,1,0,0,1,0,1,0,0,1,0,0,1,0,0,0,0,0,0,0,0,1
40,1,2018,15,1,0,0,1,0,1,0,0,1,0,0,1,0,0,0,0,0,0,0,0,1
34,3,7083,10,8,0,0,1,0,0,1,0,1,0,0,0,0,0,0,0,1,0,0,1,0
31,3,4084,7,7,0,1,0,0,1,0,1,0,0,0,0,0,0,0,1,0,0,0,0,1
50,4,14411,32,13,0,1,0,0,1,0,0,1,0,0,0,0,0,1,0,0,0,0,0,1
34,3,2308,12,5,0,0,1,0,0,1,0,1,0,0,0,0,0,0,0,0,1,0,1,0
42,2,4841,4,0,0,0,1,0,1,0,0,1,0,0,1,0,0,0,0,0,0,0,1,0
37,4,4285,10,3,0,0,1,0,1,0,0,1,0,0,0,0,0,0,1,0,0,0,1,0
29,1,9715,9,0,0,0,1,0,1,0,1,0,1,0,0,0,0,0,0,0,0,0,1,0
33,2,4320,5,0,0,0,1,0,1,0,0,1,0,0,0,0,1,0,0,0,0,0,0,1
45,4,2132,8,0,0,0,1,0,1,0,0,1,0,0,0,0,0,0,1,0,0,0,1,0
42,4,10124,24,13,0,1,0,0,1,0,0,1,1,0,0,0,0,0,0,0,0,0,1,0
40,1,5473,9,7,0,0,1,0,0,1,0,1,0,0,0,0,0,0,0,1,0,0,1,0
33,3,5207,15,5,0,0,1,0,1,0,0,1,0,0,1,0,0,0,0,0,0,0,1,0
40,4,16437,21,7,0,0,1,1,0,0,0,1,0,0,0,1,0,0,0,0,0,0,0,1
24,1,2296,2,0,0,0,1,0,1,0,0,1,0,0,1,0,0,0,0,0,0,1,0,0
40,4,4069,8,2,1,0,0,0,1,0,0,1,1,0,0,0,0,0,0,0,0,1,0,0
45,2,7441,10,7,0,0,1,0,1,0,0,1,1,0,0,0,0,0,0,0,0,1,0,0
35,3,2430,6,4,0,0,1,0,0,1,1,0,0,0,0,0,0,0,0,0,1,0,1,0
32,2,5878,12,2,0,0,1,0,1,0,1,0,0,0,0,0,0,0,1,0,0,0,1,0
36,4,2644,7,1,0,0,1,0,0,1,0,1,0,0,0,0,0,0,0,0,1,0,0,1
48,3,6439,18,7,0,0,1,0,0,1,1,0,0,0,0,0,0,0,0,1,0,1,0,0
29,3,2451,5,0,0,0,1,0,1,0,0,1,0,0,0,0,0,0,1,0,0,0,1,0
33,1,6392,8,2,0,0,1,0,0,1,0,1,0,0,0,0,0,0,0,1,0,0,1,0
30,1,9714,10,6,0,0,1,0,0,1,0,1,0,0,0,0,0,0,0,1,0,0,1,0
38,3,6077,10,1,0,1,0,1,0,0,0,1,0,1,0,0,0,0,0,0,0,0,1,0
35,1,2450,3,1,0,0,1,0,1,0,0,1,0,0,1,0,0,0,0,0,0,0,0,1
30,2,9250,9,1,0,0,1,0,0,1,0,1,0,0,0,0,0,0,0,1,0,0,1,0
35,1,2074,1,0,0,0,1,0,1,0,1,0,0,0,1,0,0,0,0,0,0,1,0,0
53,4,10169,34,1,0,0,1,0,1,0,1,0,0,0,0,0,1,0,0,0,0,0,1,0
38,2,4855,7,1,0,0,1,0,1,0,0,1,0,0,0,0,1,0,0,0,0,0,1,0
32,1,4087,9,1,1,0,0,0,1,0,0,1,0,0,0,0,0,0,1,0,0,0,1,0
48,1,2367,10,7,0,0,1,0,1,0,1,0,0,0,0,0,0,0,1,0,0,0,1,0
34,4,2972,1,0,0,0,1,0,1,0,0,1,0,0,0,0,0,0,1,0,0,0,0,1
55,4,19586,36,2,0,0,1,0,0,1,0,1,0,0,0,1,0,0,0,0,0,0,1,0
34,4,5484,9,2,0,0,1,0,1,0,0,1,0,0,0,0,0,0,1,0,0,0,1,0
26,4,2061,1,0,0,0,1,0,1,0,1,0,0,0,0,0,0,0,1,0,0,0,1,0
38,2,9924,10,7,0,0,1,0,0,1,0,1,0,0,0,0,0,0,0,1,0,0,1,0
38,2,4198,8,1,0,0,1,0,0,1,1,0,0,0,0,0,0,0,0,1,0,0,0,1
36,3,6815,15,0,0,0,1,0,0,1,1,0,0,0,0,0,0,0,0,1,0,0,0,1
29,1,4723,10,1,0,0,1,0,1,0,0,1,0,0,1,0,0,0,0,0,0,0,0,1
35,3,6142,10,0,0,0,1,0,1,0,1,0,1,0,0,0,0,0,0,0,0,0,0,1
39,3,8237,11,7,0,0,1,0,0,1,0,1,0,0,0,0,0,0,0,1,0,0,1,0
29,4,8853,6,1,0,1,0,0,1,0,0,1,1,0,0,0,0,0,0,0,0,1,0,0
50,3,19331,27,0,0,0,1,0,0,1,0,1,0,0,0,1,0,0,0,0,0,0,1,0
23,3,2073,4,2,0,0,1,0,1,0,0,1,0,0,0,0,0,0,1,0,0,0,1,0
36,1,5562,9,0,0,1,0,0,1,0,0,1,0,0,1,0,0,0,0,0,0,0,1,0
42,4,19613,24,0,0,0,1,0,1,0,0,1,0,0,0,1,0,0,0,0,0,0,0,1
35,3,3407,10,6,0,0,1,0,1,0,0,1,0,0,1,0,0,0,0,0,0,0,1,0
34,3,5063,8,7,0,1,0,0,1,0,0,1,1,0,0,0,0,0,0,0,0,0,1,0
40,1,4639,5,1,0,0,1,0,0,1,1,0,0,0,0,0,0,0,0,1,0,0,1,0
43,2,4876,8,0,0,0,1,0,1,0,0,1,0,0,1,0,0,0,0,0,0,1,0,0
35,4,2690,1,0,0,0,1,0,1,0,0,1,0,0,1,0,0,0,0,0,0,0,1,0
46,1,17567,27,0,0,0,1,0,0,1,0,1,0,0,0,1,0,0,0,0,0,0,0,1
28,2,2408,1,0,0,0,1,0,1,0,0,1,0,0,1,0,0,0,0,0,0,0,1,0
22,3,2814,4,1,1,0,0,0,1,0,1,0,0,0,0,0,0,0,1,0,0,0,1,0
50,3,11245,32,12,0,1,0,0,1,0,0,1,1,0,0,0,0,0,0,0,0,0,1,0
32,4,3312,6,0,0,0,1,0,1,0,1,0,0,0,0,0,0,0,1,0,0,0,1,0
44,4,19049,23,1,0,0,1,0,1,0,1,0,0,0,0,0,0,1,0,0,0,1,0,0
30,2,2141,6,1,0,0,1,0,1,0,0,1,0,0,0,0,0,0,1,0,0,0,1,0
45,1,5769,10,1,0,0,1,0,1,0,1,0,0,0,1,0,0,0,0,0,0,0,0,1
45,1,4385,10,4,1,0,0,0,0,1,0,1,0,0,0,0,0,0,0,1,0,0,1,0
31,1,5332,10,0,0,1,0,0,0,1,0,1,0,0,0,0,0,0,0,1,0,0,0,1
36,3,4663,7,1,0,0,1,0,1,0,1,0,0,0,0,0,1,0,0,0,0,0,1,0
34,4,4724,9,7,0,1,0,0,1,0,0,1,0,0,0,0,1,0,0,0,0,1,0,0
49,1,3211,10,1,0,0,1,0,1,0,1,0,0,0,1,0,0,0,0,0,0,0,1,0
39,1,5377,10,7,0,0,1,0,1,0,0,1,0,0,0,0,1,0,0,0,0,0,1,0
27,1,4066,7,0,0,0,1,0,1,0,0,1,0,0,1,0,0,0,0,0,0,1,0,0
35,1,5208,16,1,0,0,1,0,1,0,0,1,0,0,0,0,0,0,1,0,0,0,1,0
28,1,4877,6,0,0,0,1,0,1,0,1,0,0,0,0,0,1,0,0,0,0,1,0,0
21,4,3117,3,2,0,0,1,0,1,0,0,1,0,0,0,0,0,0,1,0,0,0,0,1
18,4,1569,0,0,0,1,0,0,0,1,1,0,0,0,0,0,0,0,0,0,1,0,0,1
47,3,19658,27,1,0,0,1,1,0,0,1,0,0,0,0,1,0,0,0,0,0,0,1,0
39,3,3069,11,0,0,0,1,0,1,0,0,1,0,0,1,0,0,0,0,0,0,1,0,0
40,3,10435,18,14,0,0,1,0,1,0,1,0,0,0,0,0,1,0,0,0,0,0,1,0
35,3,4148,15,2,1,0,0,0,1,0,1,0,1,0,0,0,0,0,0,0,0,0,1,0
37,3,5768,9,0,0,0,1,0,1,0,0,1,0,0,0,0,1,0,0,0,0,0,1,0
39,3,5042,10,3,0,1,0,0,1,0,1,0,0,0,0,0,1,0,0,0,0,0,0,1
45,4,5770,10,3,0,0,1,0,1,0,1,0,0,0,0,0,1,0,0,0,0,1,0,0
38,3,7756,10,0,0,0,1,0,1,0,1,0,0,0,0,0,1,0,0,0,0,0,1,0
35,1,10306,15,6,0,0,1,0,0,1,0,1,0,0,0,0,0,0,0,1,0,0,1,0
37,2,3936,8,7,0,0,1,0,1,0,1,0,0,0,0,0,0,0,1,0,0,0,1,0
40,4,7945,18,3,0,0,1,0,1,0,1,0,0,0,0,0,1,0,0,0,0,0,0,1
44,4,5743,14,0,0,1,0,1,0,0,0,1,0,1,0,0,0,0,0,0,0,0,1,0
48,4,15202,23,2,0,1,0,0,1,0,0,1,0,0,0,1,0,0,0,0,0,0,1,0
35,4,5440,7,2,0,0,1,0,0,1,0,1,0,0,0,0,0,0,0,1,0,1,0,0
24,4,3760,6,1,0,1,0,0,1,0,1,0,0,0,0,0,0,0,1,0,0,0,0,1
27,3,3517,5,0,0,0,1,0,1,0,1,0,0,0,0,0,0,0,1,0,0,0,1,0
27,4,2580,6,1,0,1,0,0,1,0,0,1,0,0,0,0,0,0,1,0,0,0,0,1
40,1,2166,10,0,0,0,1,0,1,0,0,1,0,0,1,0,0,0,0,0,0,0,0,1
29,3,5869,8,1,0,0,1,0,0,1,0,1,0,0,0,0,0,0,0,1,0,0,0,1
36,1,8008,9,0,0,0,1,0,1,0,1,0,1,0,0,0,0,0,0,0,0,0,1,0
25,3,5206,7,0,0,1,0,0,1,0,0,1,0,0,0,0,1,0,0,0,0,1,0,0
39,2,5295,7,1,0,0,1,0,1,0,0,1,0,0,0,0,1,0,0,0,0,0,1,0
49,2,16413,27,1,0,0,1,0,1,0,1,0,0,0,0,0,0,1,0,0,0,0,1,0
50,1,13269,19,1,0,0,1,0,1,0,1,0,0,0,0,0,0,1,0,0,0,1,0,0
20,3,2783,2,2,0,0,1,0,0,1,1,0,0,0,0,0,0,0,0,0,1,0,0,1
34,2,5433,11,7,0,0,1,0,1,0,1,0,0,0,0,0,0,0,1,0,0,1,0,0
36,2,2013,15,1,0,0,1,0,1,0,0,1,0,0,1,0,0,0,0,0,0,0,0,1
49,3,13966,30,2,0,0,1,0,1,0,1,0,1,0,0,0,0,0,0,0,0,0,1,0
36,3,4374,4,1,1,0,0,0,1,0,1,0,0,0,0,0,1,0,0,0,0,0,1,0
36,1,6842,13,0,0,0,1,0,1,0,0,1,1,0,0,0,0,0,0,0,0,1,0,0
54,3,17426,36,4,0,0,1,0,1,0,1,0,0,0,0,1,0,0,0,0,0,0,1,0
43,3,17603,14,6,0,0,1,0,1,0,0,1,0,0,0,0,0,1,0,0,0,0,1,0
35,4,4581,13,6,0,1,0,0,0,1,0,1,0,0,0,0,0,0,0,1,0,0,0,1
38,4,4735,19,2,0,1,0,0,1,0,0,1,0,0,0,0,0,0,1,0,0,0,1,0
29,2,4187,10,0,0,0,1,0,0,1,0,1,0,0,0,0,0,0,0,1,0,1,0,0
33,4,5505,6,0,0,0,1,0,0,1,0,1,0,0,0,0,0,0,0,1,0,1,0,0
32,2,5470,10,1,0,0,1,0,1,0,0,1,0,0,0,0,0,0,1,0,0,1,0,0
31,4,5476,10,0,0,0,1,0,0,1,1,0,0,0,0,0,0,0,0,1,0,0,1,0
49,1,2587,17,2,0,0,1,0,1,0,1,0,0,0,1,0,0,0,0,0,0,1,0,0
38,2,2440,4,3,0,1,0,0,1,0,1,0,0,0,1,0,0,0,0,0,0,0,0,1
47,2,15972,29,1,0,0,1,0,0,1,1,0,0,0,0,1,0,0,0,0,0,1,0,0
49,3,15379,23,0,0,0,1,0,1,0,0,1,0,0,0,1,0,0,0,0,0,0,0,1
41,3,7082,21,0,0,0,1,0,0,1,0,1,0,0,0,0,0,0,0,1,0,0,0,1
20,1,2728,2,0,0,0,1,0,0,1,0,1,0,0,0,0,0,0,0,0,1,0,0,1
33,4,5368,7,1,1,0,0,0,0,1,1,0,0,0,0,0,0,0,0,1,0,1,0,0
36,3,5347,10,0,0,0,1,0,1,0,0,1,1,0,0,0,0,0,0,0,0,0,1,0
44,4,3195,8,2,0,0,1,1,0,0,1,0,0,1,0,0,0,0,0,0,0,1,0,0
23,3,3989,5,1,0,0,1,0,1,0,0,1,0,0,1,0,0,0,0,0,0,0,0,1
38,3,3306,7,0,0,0,1,0,1,0,1,0,0,0,1,0,0,0,0,0,0,0,1,0
53,4,7005,11,1,0,0,1,0,1,0,0,1,1,0,0,0,0,0,0,0,0,0,1,0
48,3,2655,19,7,0,1,0,0,0,1,1,0,0,0,0,0,0,0,0,0,1,0,1,0
32,2,1393,1,0,0,0,1,0,1,0,0,1,0,0,1,0,0,0,0,0,0,0,0,1
26,4,2570,7,5,1,0,0,0,1,0,0,1,0,0,1,0,0,0,0,0,0,0,0,1
55,2,3537,8,1,0,0,1,0,1,0,0,1,0,0,0,0,0,0,1,0,0,1,0,0
34,4,3986,15,4,0,0,1,0,1,0,0,1,0,0,1,0,0,0,0,0,0,0,1,0
60,4,10883,19,0,0,0,1,0,1,0,0,1,1,0,0,0,0,0,0,0,0,1,0,0
33,2,2028,14,2,0,0,1,0,1,0,0,1,0,0,1,0,0,0,0,0,0,0,1,0
37,4,9525,6,1,0,1,0,0,0,1,0,1,0,0,0,0,0,0,0,1,0,1,0,0
34,4,2929,10,8,0,0,1,0,1,0,1,0,0,0,0,0,0,0,1,0,0,0,1,0
23,4,2275,3,0,0,0,1,0,0,1,0,1,0,0,0,0,0,0,0,0,1,1,0,0
44,4,7879,9,6,0,0,1,0,1,0,1,0,1,0,0,0,0,0,0,0,0,0,1,0
35,4,4930,6,1,0,1,0,0,1,0,0,1,0,0,0,0,0,0,1,0,0,0,0,1
43,4,7847,10,8,0,0,1,0,0,1,0,1,0,0,0,0,0,0,0,1,0,0,1,0
24,3,4401,5,0,0,0,1,0,1,0,0,1,0,0,0,0,0,0,1,0,0,0,1,0
41,3,9241,10,8,0,0,1,0,0,1,0,1,0,0,0,0,0,0,0,1,0,0,0,1
29,3,2974,9,1,0,0,1,0,1,0,1,0,0,0,1,0,0,0,0,0,0,0,1,0
36,4,4502,17,6,0,0,1,0,0,1,1,0,0,0,0,0,0,0,0,0,1,0,0,1
45,3,10748,25,14,1,0,0,0,1,0,0,1,1,0,0,0,0,0,0,0,0,0,1,0
24,3,1555,1,0,0,0,1,1,0,0,0,1,0,1,0,0,0,0,0,0,0,0,1,0
47,3,12936,25,14,0,1,0,0,0,1,0,1,0,0,0,0,0,0,0,1,0,0,1,0
26,3,2305,3,0,0,0,1,0,1,0,0,1,0,0,1,0,0,0,0,0,0,0,1,0
45,2,16704,21,8,0,0,1,0,1,0,1,0,0,0,0,0,0,1,0,0,0,0,0,1
32,3,3433,10,1,0,1,0,0,1,0,0,1,0,0,0,0,0,0,1,0,0,0,1,0
31,3,3477,6,0,0,0,1,0,1,0,0,1,0,0,1,0,0,0,0,0,0,0,1,0
41,2,6430,10,1,1,0,0,1,0,0,0,1,0,1,0,0,0,0,0,0,0,0,1,0
40,1,6516,18,0,0,0,1,0,1,0,1,0,0,0,0,0,1,0,0,0,0,0,1,0
24,1,3907,6,1,0,0,1,0,1,0,0,1,0,0,1,0,0,0,0,0,0,1,0,0
46,2,5562,19,0,0,0,1,0,1,0,0,1,1,0,0,0,0,0,0,0,0,0,0,1
35,3,6883,17,0,0,0,1,0,1,0,0,1,0,0,0,0,1,0,0,0,0,0,1,0
30,4,2862,10,0,0,0,1,0,1,0,0,1,0,0,0,0,0,0,1,0,0,0,1,0
47,2,4978,4,0,1,0,0,0,0,1,0,1,0,0,0,0,0,0,0,1,0,0,1,0
46,4,10368,13,0,0,0,1,0,0,1,0,1,0,0,0,0,0,0,0,1,0,1,0,0
36,1,6134,16,2,0,0,1,0,0,1,0,1,0,0,0,0,0,0,0,1,0,1,0,0
32,2,6735,10,0,0,0,1,0,0,1,0,1,0,0,0,0,0,0,0,1,0,0,0,1
23,2,3295,3,1,0,0,1,0,1,0,1,0,0,0,1,0,0,0,0,0,0,0,0,1
31,4,5238,9,1,0,1,0,0,1,0,1,0,0,0,0,0,1,0,0,0,0,0,0,1
39,4,6472,9,5,1,0,0,0,1,0,0,1,0,0,1,0,0,0,0,0,0,0,1,0
32,3,9610,10,0,0,0,1,0,0,1,0,1,0,0,0,0,0,0,0,1,0,0,1,0
40,2,19833,21,12,0,0,1,0,0,1,0,1,0,0,0,1,0,0,0,0,0,0,0,1
45,3,9756,9,0,0,0,1,1,0,0,1,0,0,1,0,0,0,0,0,0,0,0,1,0
30,1,4968,10,0,0,1,0,0,1,0,1,0,0,0,0,0,0,0,1,0,0,0,0,1
24,4,2145,3,2,0,1,0,1,0,0,0,1,0,1,0,0,0,0,0,0,0,0,1,0
30,4,2180,6,1,0,1,0,1,0,0,1,0,0,1,0,0,0,0,0,0,0,1,0,0
31,3,8346,6,0,0,0,1,0,0,1,0,1,0,0,0,0,0,0,0,1,0,0,1,0
27,4,3445,6,1,0,0,1,0,1,0,1,0,0,0,0,0,0,0,1,0,0,0,0,1
29,2,2760,2,2,0,0,1,0,0,1,1,0,0,0,0,0,0,0,0,0,1,0,0,1
29,3,6294,10,0,0,1,0,0,1,0,0,1,1,0,0,0,0,0,0,0,0,0,0,1
30,1,7140,12,1,0,0,1,0,0,1,0,1,0,0,0,0,0,0,0,1,0,1,0,0
34,4,2932,6,1,0,0,1,0,1,0,0,1,0,0,0,0,0,0,1,0,0,0,1,0
33,2,5147,13,1,1,0,0,0,0,1,1,0,0,0,0,0,0,0,0,1,0,0,0,1
49,4,4507,8,0,0,0,1,0,0,1,1,0,0,0,0,0,0,0,0,1,0,0,0,1
33,1,8564,11,0,0,0,1,0,0,1,1,0,0,0,0,0,0,0,0,1,0,0,0,1
38,2,2468,9,0,0,1,0,0,1,0,1,0,0,0,1,0,0,0,0,0,0,0,1,0
31,3,8161,10,0,0,0,1,0,0,1,0,1,0,0,0,0,0,0,0,1,0,0,1,0
29,1,2109,1,0,0,0,1,0,1,0,1,0,0,0,0,0,0,0,1,0,0,1,0,0
30,3,5294,10,1,0,0,1,0,1,0,0,1,1,0,0,0,0,0,0,0,0,0,1,0
32,2,2718,12,0,1,0,0,0,1,0,0,1,0,0,0,0,0,0,1,0,0,0,0,1
38,4,5811,15,1,0,0,1,0,1,0,0,1,1,0,0,0,0,0,0,0,0,0,1,0
43,3,2437,6,0,0,1,0,0,1,0,0,1,0,0,0,0,0,0,1,0,0,0,1,0
42,2,2766,7,0,0,0,1,0,1,0,0,1,0,0,1,0,0,0,0,0,0,1,0,0
55,1,19038,34,0,0,0,1,0,1,0,0,1,0,0,0,0,0,1,0,0,0,0,1,0
33,2,3055,11,1,1,0,0,0,1,0,0,1,0,0,0,0,0,0,1,0,0,1,0,0
41,1,2289,5,0,0,0,1,0,1,0,0,1,0,0,1,0,0,0,0,0,0,1,0,0
34,3,4001,15,0,1,0,0,0,0,1,0,1,0,0,0,0,0,0,0,1,0,1,0,0
53,3,12965,27,0,1,0,0,0,1,0,1,0,0,0,0,0,1,0,0,0,0,0,1,0
43,4,3539,10,1,0,0,1,1,0,0,0,1,0,1,0,0,0,0,0,0,0,0,0,1
34,4,6029,6,2,0,0,1,0,0,1,1,0,0,0,0,0,0,0,0,1,0,0,0,1
21,2,2679,1,1,0,0,1,0,0,1,0,1,0,0,0,0,0,0,0,0,1,0,0,1
38,3,3702,5,0,0,0,1,0,1,0,1,0,0,0,1,0,0,0,0,0,0,0,1,0
22,1,2398,1,0,0,0,1,0,1,0,1,0,0,0,1,0,0,0,0,0,0,0,1,0
31,4,5468,13,5,0,0,1,0,0,1,1,0,0,0,0,0,0,0,0,1,0,0,1,0
51,3,13116,15,2,0,0,1,0,1,0,1,0,0,0,0,1,0,0,0,0,0,0,1,0
37,2,4189,5,0,0,0,1,0,0,1,0,1,0,0,0,0,0,0,0,1,0,0,1,0
46,4,19328,24,2,0,0,1,0,1,0,0,1,0,0,0,0,0,1,0,0,0,1,0,0
36,1,8321,15,5,0,0,1,0,1,0,0,1,1,0,0,0,0,0,0,0,0,0,1,0
44,2,2342,6,2,0,1,0,0,1,0,0,1,0,0,0,0,0,0,1,0,0,1,0,0
37,2,4071,19,4,0,0,1,1,0,0,0,1,0,1,0,0,0,0,0,0,0,1,0,0
35,4,5813,10,7,0,0,1,0,0,1,0,1,0,0,0,0,0,0,0,1,0,0,0,1
33,1,3143,14,7,0,0,1,0,1,0,0,1,0,0,0,0,0,0,1,0,0,0,1,0
28,4,2044,5,0,0,0,1,0,1,0,0,1,0,0,0,0,0,0,1,0,0,0,1,0
39,3,13464,9,2,0,0,1,0,1,0,0,1,0,0,0,0,0,1,0,0,0,0,0,1
46,2,7991,6,2,1,0,0,0,0,1,0,1,0,0,0,0,0,0,0,1,0,0,0,1
40,1,3377,7,0,0,0,1,0,1,0,1,0,0,0,1,0,0,0,0,0,0,0,1,0
42,1,5538,10,0,0,0,1,0,1,0,0,1,1,0,0,0,0,0,0,0,0,0,1,0
35,4,5762,15,1,1,0,0,0,1,0,0,1,0,0,0,0,1,0,0,0,0,1,0,0
38,2,2592,13,3,1,0,0,1,0,0,0,1,0,1,0,0,0,0,0,0,0,1,0,0
34,1,5346,11,0,0,1,0,0,1,0,0,1,0,0,1,0,0,0,0,0,0,0,1,0
37,1,4213,10,0,0,0,1,0,1,0,0,1,0,0,0,0,1,0,0,0,0,0,0,1
39,4,4127,7,2,0,1,0,0,0,1,0,1,0,0,0,0,0,0,0,1,0,1,0,0
43,3,2438,7,1,1,0,0,0,1,0,0,1,0,0,0,0,0,0,1,0,0,0,0,1
41,2,6870,11,1,0,0,1,0,1,0,0,1,1,0,0,0,0,0,0,0,0,0,0,1
41,3,10447,23,13,0,0,1,0,0,1,1,0,0,0,0,0,0,0,0,1,0,1,0,0
30,3,9667,9,0,0,0,1,0,1,0,1,0,0,0,0,0,1,0,0,0,0,0,0,1
26,2,2148,6,1,0,0,1,1,0,0,1,0,0,1,0,0,0,0,0,0,0,0,1,0
46,2,8926,13,3,0,0,1,0,1,0,1,0,1,0,0,0,0,0,0,0,0,0,1,0
40,4,6513,12,0,0,0,1,0,1,0,1,0,1,0,0,0,0,0,0,0,0,1,0,0
34,3,6799,10,4,0,0,1,0,0,1,0,1,0,0,0,0,0,0,0,1,0,0,1,0
58,2,16291,37,14,1,0,0,0,0,1,0,1,0,0,0,1,0,0,0,0,0,1,0,0
35,3,2705,6,0,0,0,1,0,1,0,0,1,0,0,1,0,0,0,0,0,0,0,1,0
47,2,10333,28,14,0,0,1,0,1,0,1,0,0,0,0,0,1,0,0,0,0,1,0,0
40,1,4448,15,7,0,0,1,0,1,0,1,0,1,0,0,0,0,0,0,0,0,1,0,0
54,4,6854,14,1,0,0,1,0,1,0,1,0,0,0,0,0,0,0,1,0,0,0,1,0
31,1,9637,9,2,0,1,0,0,0,1,1,0,0,0,0,0,0,0,0,1,0,0,1,0
28,1,3591,3,1,0,0,1,0,1,0,1,0,0,0,0,0,0,0,1,0,0,0,1,0
38,4,5405,20,0,0,0,1,0,0,1,1,0,0,0,0,0,0,0,0,0,1,0,1,0
26,4,4684,5,1,0,0,1,0,0,1,0,1,0,0,0,0,0,0,0,1,0,0,0,1
58,3,15787,23,2,0,1,0,0,1,0,0,1,0,0,0,0,0,1,0,0,0,0,1,0
18,3,1514,0,0,1,0,0,0,1,0,1,0,0,0,0,0,0,0,1,0,0,0,0,1
31,1,2956,2,0,0,0,1,1,0,0,0,1,0,1,0,0,0,0,0,0,0,0,1,0
29,1,2335,4,2,0,0,1,1,0,0,0,1,0,1,0,0,0,0,0,0,0,1,0,0
45,3,5154,10,5,1,0,0,0,0,1,1,0,0,0,0,0,0,0,0,1,0,0,1,0
36,2,6962,15,0,0,0,1,0,1,0,1,0,0,0,0,0,0,0,1,0,0,0,1,0
43,4,5675,7,7,0,1,0,0,0,1,0,1,0,0,0,0,0,0,0,1,0,0,1,0
27,4,2379,6,0,0,1,0,0,1,0,1,0,0,0,1,0,0,0,0,0,0,0,0,1
29,4,3812,11,3,0,1,0,0,1,0,0,1,0,0,1,0,0,0,0,0,0,0,1,0
32,4,4648,4,0,0,1,0,0,0,1,0,1,0,0,0,0,0,0,0,1,0,0,0,1
42,3,2936,10,3,1,0,0,0,1,0,0,1,0,0,0,0,0,0,1,0,0,0,1,0
47,3,2105,7,2,0,0,1,0,1,0,1,0,0,0,1,0,0,0,0,0,0,0,0,1
46,4,8578,12,4,0,0,1,0,1,0,0,1,0,0,0,0,1,0,0,0,0,1,0,0
28,4,2706,3,2,1,0,0,1,0,0,0,1,0,1,0,0,0,0,0,0,0,1,0,0
29,3,6384,11,1,0,0,1,0,1,0,0,1,1,0,0,0,0,0,0,0,0,1,0,0
42,3,3968,8,0,0,0,1,0,1,0,0,1,0,0,1,0,0,0,0,0,0,0,0,1
32,2,9907,7,2,0,0,1,0,0,1,0,1,0,0,0,0,0,0,0,1,0,0,0,1
46,1,13225,25,2,0,0,1,0,0,1,1,0,0,0,0,0,0,0,0,1,0,1,0,0
27,3,3540,9,5,0,0,1,0,0,1,1,0,0,0,0,0,0,0,0,0,1,0,1,0
29,2,2804,1,0,0,0,1,1,0,0,0,1,0,1,0,0,0,0,0,0,0,0,1,0
43,3,19392,21,6,0,0,1,0,1,0,1,0,0,0,0,1,0,0,0,0,0,0,1,0
48,2,19665,29,12,0,0,1,0,1,0,0,1,0,0,0,0,0,1,0,0,0,0,1,0
29,4,2439,1,1,0,1,0,0,1,0,0,1,0,0,0,0,0,0,1,0,0,0,0,1
46,2,7314,14,0,0,0,1,0,0,1,1,0,0,0,0,0,0,0,0,1,0,0,1,0
27,1,4774,8,7,0,1,0,0,1,0,1,0,0,0,0,0,0,0,1,0,0,0,1,0
39,4,3902,7,2,0,0,1,0,1,0,0,1,0,0,0,0,0,0,1,0,0,1,0,0
55,4,2662,19,0,0,0,1,0,1,0,0,1,0,0,0,0,0,0,1,0,0,0,1,0
28,2,2856,1,0,0,0,1,0,0,1,1,0,0,0,0,0,0,0,0,0,1,0,1,0
30,4,1081,1,0,0,0,1,0,0,1,0,1,0,0,0,0,0,0,0,0,1,0,0,1
22,2,2472,1,0,0,0,1,0,1,0,0,1,0,0,0,0,0,0,1,0,0,0,0,1
36,3,5673,10,1,0,0,1,0,0,1,1,0,0,0,0,0,0,0,0,1,0,0,1,0
31,3,4197,10,0,0,0,1,0,1,0,0,1,0,0,1,0,0,0,0,0,0,1,0,0
34,4,9713,9,1,0,0,1,0,0,1,0,1,0,0,0,0,0,0,0,1,0,0,1,0
29,1,2062,11,1,0,0,1,0,1,0,0,1,0,0,1,0,0,0,0,0,0,0,0,1
37,1,4284,16,0,0,0,1,0,1,0,0,1,0,0,0,0,0,0,1,0,0,0,1,0
35,2,4788,4,0,0,0,1,0,1,0,1,0,0,0,0,0,1,0,0,0,0,0,1,0
45,4,5906,10,3,0,0,1,0,1,0,1,0,0,0,0,0,1,0,0,0,0,0,1,0
36,4,3886,10,0,0,1,0,1,0,0,0,1,0,1,0,0,0,0,0,0,0,0,0,1
40,1,16823,22,11,0,0,1,0,1,0,0,1,0,0,0,1,0,0,0,0,0,1,0,0
26,3,2933,1,1,0,0,1,0,1,0,1,0,0,0,0,0,0,0,1,0,0,0,1,0
27,3,6500,9,0,0,0,1,0,0,1,1,0,0,0,0,0,0,0,0,1,0,0,0,1
48,4,17174,24,4,0,1,0,0,1,0,1,0,0,0,0,1,0,0,0,0,0,1,0,0
44,1,5033,10,2,0,0,1,0,1,0,0,1,1,0,0,0,0,0,0,0,0,0,1,0
34,1,2307,5,3,1,0,0,0,1,0,0,1,0,0,0,0,0,0,1,0,0,0,1,0
56,4,2587,5,1,0,0,1,0,1,0,0,1,0,0,1,0,0,0,0,0,0,0,0,1
36,2,5507,12,1,0,0,1,0,0,1,0,1,0,0,0,0,0,0,0,1,0,0,1,0
41,2,4393,14,1,0,0,1,0,0,1,1,0,0,0,0,0,0,0,0,1,0,0,1,0
42,1,13348,18,5,0,0,1,0,1,0,0,1,0,0,0,0,0,1,0,0,0,0,1,0
31,4,6583,8,1,0,0,1,0,0,1,1,0,0,0,0,0,0,0,0,1,0,1,0,0
34,4,8103,9,0,0,0,1,0,0,1,1,0,0,0,0,0,0,0,0,1,0,0,1,0
31,3,3978,4,2,0,0,1,0,1,0,1,0,0,0,1,0,0,0,0,0,0,1,0,0
26,4,2544,8,7,0,1,0,0,1,0,0,1,0,0,1,0,0,0,0,0,0,0,1,0
45,3,5399,12,0,0,1,0,0,1,0,0,1,1,0,0,0,0,0,0,0,0,0,0,1
33,3,5487,10,0,0,0,1,0,0,1,0,1,0,0,0,0,0,0,0,1,0,0,0,1
28,4,6834,7,0,0,1,0,0,0,1,0,1,0,0,0,0,0,0,0,1,0,0,1,0
29,1,1091,1,0,0,1,0,0,0,1,0,1,0,0,0,0,0,0,0,0,1,0,0,1
39,3,5736,10,1,1,0,0,0,0,1,1,0,0,0,0,0,0,0,0,1,0,0,1,0
27,2,2226,6,1,0,0,1,0,1,0,0,1,0,0,0,0,0,0,1,0,0,0,1,0
34,4,5747,16,6,0,1,0,0,1,0,0,1,0,0,0,0,0,0,1,0,0,0,1,0
28,3,9854,6,2,0,0,1,0,0,1,1,0,0,0,0,0,0,0,0,1,0,0,0,1
47,2,5467,16,1,1,0,0,0,1,0,0,1,0,0,0,0,0,0,1,0,0,0,1,0
56,1,5380,6,0,0,0,1,0,0,1,1,0,0,0,0,0,0,0,0,1,0,0,1,0
39,1,5151,10,7,0,0,1,0,1,0,0,1,0,0,0,0,1,0,0,0,0,0,1,0
38,2,2133,20,0,0,1,0,0,1,0,1,0,0,0,0,0,0,0,1,0,0,1,0,0
58,4,17875,29,0,0,0,1,0,0,1,1,0,0,0,0,1,0,0,0,0,0,0,1,0
32,3,2432,8,0,0,1,0,0,1,0,1,0,0,0,0,0,0,0,1,0,0,0,0,1
38,4,4771,10,0,0,0,1,0,1,0,0,1,0,0,0,0,0,0,1,0,0,1,0,0
49,4,19161,28,4,0,1,0,0,1,0,0,1,0,0,0,0,0,1,0,0,0,0,1,0
42,4,5087,14,0,0,0,1,0,0,1,0,1,0,0,0,0,0,0,0,1,0,1,0,0
27,2,2863,1,0,0,1,0,1,0,0,1,0,0,1,0,0,0,0,0,0,0,0,1,0
35,1,5561,6,0,0,0,1,0,0,1,0,1,0,0,0,0,0,0,0,1,0,0,1,0
28,3,2144,5,1,1,0,0,0,1,0,0,1,0,0,0,0,0,0,1,0,0,0,0,1
31,1,3065,4,2,1,0,0,0,1,0,0,1,0,0,0,0,0,0,1,0,0,1,0,0
36,2,2810,5,0,1,0,0,0,1,0,0,1,0,0,1,0,0,0,0,0,0,0,1,0
34,4,9888,14,2,0,0,1,0,0,1,0,1,0,0,0,0,0,0,0,1,0,0,0,1
34,3,8628,9,1,0,0,1,0,0,1,0,1,0,0,0,0,0,0,0,1,0,1,0,0
26,1,2867,8,7,0,0,1,0,1,0,0,1,0,0,1,0,0,0,0,0,0,0,0,1
29,1,5373,6,0,0,0,1,0,1,0,0,1,1,0,0,0,0,0,0,0,0,0,1,0
32,4,6667,9,1,1,0,0,0,1,0,1,0,1,0,0,0,0,0,0,0,0,1,0,0
31,1,5003,10,8,0,1,0,0,1,0,0,1,0,0,0,0,0,0,1,0,0,0,1,0
28,4,2367,6,0,0,0,1,0,1,0,0,1,0,0,1,0,0,0,0,0,0,1,0,0
38,1,2858,20,0,0,0,1,0,0,1,0,1,0,0,0,0,0,0,0,0,1,0,0,1
35,4,5204,10,0,0,0,1,0,0,1,1,0,0,0,0,0,0,0,0,1,0,0,1,0
27,4,4105,7,0,0,0,1,0,0,1,0,1,0,0,0,0,0,0,0,1,0,0,0,1
32,4,9679,8,0,0,0,1,0,1,0,0,1,0,0,0,0,1,0,0,0,0,0,0,1
31,4,5617,10,0,0,1,0,0,0,1,0,1,0,0,0,0,0,0,0,1,0,0,1,0
53,1,10448,15,2,0,0,1,0,0,1,0,1,0,0,0,0,0,0,0,1,0,0,0,1
54,3,2897,9,2,0,0,1,0,1,0,1,0,0,0,0,0,0,0,1,0,0,0,1,0
33,3,5968,9,2,0,1,0,0,1,0,0,1,1,0,0,0,0,0,0,0,0,1,0,0
43,3,7510,10,0,0,0,1,0,1,0,0,1,1,0,0,0,0,0,0,0,0,0,1,0
38,2,2991,7,1,0,1,0,1,0,0,0,1,0,1,0,0,0,0,0,0,0,0,1,0
55,2,19636,35,1,0,0,1,1,0,0,0,1,0,0,0,1,0,0,0,0,0,0,1,0
31,4,1129,1,0,0,0,1,0,1,0,1,0,0,0,1,0,0,0,0,0,0,1,0,0
39,1,13341,21,11,0,0,1,0,0,1,0,1,0,0,0,0,0,0,0,1,0,0,0,1
42,3,4332,20,3,1,0,0,0,1,0,0,1,0,0,0,0,0,0,1,0,0,0,0,1
31,3,11031,13,4,1,0,0,0,1,0,1,0,0,0,0,0,0,1,0,0,0,0,1,0
54,1,4440,9,1,0,0,1,0,1,0,1,0,0,0,0,0,1,0,0,0,0,0,0,1
24,3,4617,4,1,0,0,1,0,1,0,0,1,1,0,0,0,0,0,0,0,0,0,0,1
23,4,2647,5,1,0,0,1,0,1,0,0,1,0,0,1,0,0,0,0,0,0,0,0,1
40,3,6323,10,9,0,1,0,0,1,0,1,0,0,0,1,0,0,0,0,0,0,0,1,0
40,2,5677,15,5,0,0,1,0,0,1,1,0,0,0,0,0,0,0,0,1,0,0,1,0
25,2,2187,6,1,0,0,1,1,0,0,1,0,0,1,0,0,0,0,0,0,0,0,1,0
30,2,3748,12,1,0,0,1,0,1,0,0,1,0,0,1,0,0,0,0,0,0,0,1,0
25,3,3977,7,0,0,0,1,0,1,0,0,1,0,0,1,0,0,0,0,0,0,1,0,0
47,3,8633,25,12,0,0,1,0,1,0,0,1,1,0,0,0,0,0,0,0,0,0,0,1
33,3,2008,1,0,1,0,0,0,1,0,0,1,0,0,1,0,0,0,0,0,0,1,0,0
38,2,4440,16,5,0,0,1,0,0,1,0,1,0,0,0,0,0,0,0,1,0,0,1,0
31,3,3067,3,1,0,0,1,0,0,1,0,1,0,0,0,0,0,0,0,0,1,0,1,0
38,3,5321,10,7,0,1,0,0,1,0,0,1,0,0,0,0,1,0,0,0,0,0,1,0
42,1,5410,9,1,0,0,1,0,1,0,0,1,0,0,0,0,0,0,1,0,0,1,0,0
41,4,2782,12,1,0,0,1,0,1,0,0,1,0,0,0,0,0,0,1,0,0,0,1,0
47,2,11957,14,5,1,0,0,0,1,0,1,0,0,0,0,0,0,1,0,0,0,0,1,0
35,3,2660,5,2,0,0,1,0,1,0,0,1,0,0,1,0,0,0,0,0,0,0,1,0
22,3,3375,4,1,0,0,1,0,1,0,0,1,0,0,0,0,0,0,1,0,0,0,0,1
35,3,5098,10,0,0,0,1,0,1,0,0,1,0,0,0,0,0,0,1,0,0,0,0,1
33,4,4878,10,8,0,0,1,0,1,0,1,0,1,0,0,0,0,0,0,0,0,0,1,0
32,2,2837,6,4,0,0,1,0,1,0,1,0,0,0,1,0,0,0,0,0,0,0,0,1
40,4,2406,8,0,0,0,1,0,1,0,0,1,0,0,1,0,0,0,0,0,0,0,1,0
32,2,2269,3,2,0,0,1,0,0,1,0,1,0,0,0,0,0,0,0,0,1,0,1,0
39,4,4108,18,1,0,0,1,0,1,0,0,1,0,0,0,0,0,0,1,0,0,0,0,1
38,3,13206,20,1,0,0,1,0,1,0,1,0,0,0,0,0,0,1,0,0,0,0,1,0
32,4,10422,14,5,0,0,1,0,0,1,1,0,0,0,0,0,0,0,0,1,0,0,1,0
37,4,13744,16,6,0,0,1,0,1,0,1,0,0,0,0,0,0,1,0,0,0,0,1,0
25,3,4907,6,0,0,0,1,0,0,1,1,0,0,0,0,0,0,0,0,1,0,1,0,0
52,4,3482,16,0,1,0,0,0,0,1,0,1,0,0,0,0,0,0,0,0,1,1,0,0
44,4,2436,6,1,0,0,1,0,1,0,0,1,0,0,0,0,0,0,1,0,0,0,0,1
21,1,2380,2,1,0,0,1,0,0,1,0,1,0,0,0,0,0,0,0,0,1,0,0,1
39,4,19431,21,1,1,0,0,0,1,0,0,1,0,0,0,1,0,0,0,0,0,0,0,1
23,1,1790,1,1,0,1,0,0,0,1,0,1,0,0,0,0,0,0,0,0,1,0,1,0
36,4,7644,10,3,0,0,1,0,0,1,1,0,0,0,0,0,0,0,0,1,0,0,1,0
36,2,5131,18,0,0,1,0,0,1,0,1,0,0,0,0,0,1,0,0,0,0,1,0,0
56,3,6306,13,1,1,0,0,0,1,0,0,1,1,0,0,0,0,0,0,0,0,1,0,0
29,4,4787,4,2,0,0,1,0,1,0,0,1,0,0,0,0,0,0,1,0,0,0,1,0
42,3,18880,24,4,0,0,1,0,1,0,0,1,0,0,0,1,0,0,0,0,0,0,1,0
56,3,2339,14,9,0,0,1,0,1,0,0,1,0,0,1,0,0,0,0,0,0,0,1,0
41,2,13570,21,0,0,0,1,0,1,0,1,0,0,0,0,0,1,0,0,0,0,0,1,0
34,3,6712,8,1,0,0,1,0,0,1,1,0,0,0,0,0,0,0,0,1,0,0,1,0
36,4,5406,15,11,1,0,0,0,0,1,0,1,0,0,0,0,0,0,0,1,0,1,0,0
41,2,8938,14,0,0,0,1,0,0,1,0,1,0,0,0,0,0,0,0,1,0,1,0,0
32,1,2439,4,1,0,0,1,0,1,0,0,1,0,0,0,0,0,0,1,0,0,0,0,1
35,4,8837,9,1,0,0,1,1,0,0,1,0,0,1,0,0,0,0,0,0,0,0,0,1
38,4,5343,10,1,0,0,1,0,0,1,1,0,0,0,0,0,0,0,0,1,0,0,1,0
50,3,6728,12,0,0,1,0,0,0,1,0,1,0,0,0,0,0,0,0,1,0,1,0,0
36,4,6652,8,0,0,0,1,0,0,1,1,0,0,0,0,0,0,0,0,1,0,0,1,0
45,3,4850,8,0,0,0,1,0,0,1,1,0,0,0,0,0,0,0,0,1,0,0,0,1
40,3,2809,8,2,0,0,1,0,1,0,0,1,0,0,0,0,0,0,1,0,0,0,0,1
35,3,5689,10,0,0,1,0,0,1,0,0,1,1,0,0,0,0,0,0,0,0,0,1,0
40,3,2001,20,0,0,0,1,0,1,0,1,0,0,0,0,0,0,0,1,0,0,0,1,0
35,4,2977,4,1,0,0,1,0,1,0,1,0,0,0,0,0,0,0,1,0,0,0,1,0
29,2,4025,10,0,0,0,1,0,1,0,0,1,0,0,1,0,0,0,0,0,0,0,1,0
29,1,3785,5,0,0,0,1,0,1,0,1,0,0,0,0,0,0,0,1,0,0,0,0,1
50,1,10854,20,2,0,0,1,0,0,1,0,1,0,0,0,0,0,0,0,1,0,1,0,0
39,4,12031,21,9,0,0,1,0,0,1,1,0,0,0,0,0,0,0,0,1,0,0,1,0
31,1,9936,10,1,1,0,0,0,1,0,0,1,0,0,0,0,1,0,0,0,0,0,0,1
26,3,2966,5,0,0,0,1,0,0,1,1,0,0,0,0,0,0,0,0,0,1,0,0,1
36,4,2571,17,0,0,1,0,0,1,0,0,1,0,0,1,0,0,0,0,0,0,0,1,0
39,1,9991,9,1,0,0,1,0,1,0,0,1,1,0,0,0,0,0,0,0,0,0,1,0
27,2,6142,6,0,0,0,1,0,1,0,0,1,0,0,0,0,1,0,0,0,0,0,1,0
49,2,5390,17,0,0,1,0,0,0,1,0,1,0,0,0,0,0,0,0,1,0,0,1,0
34,3,4404,6,1,0,0,1,0,1,0,0,1,0,0,1,0,0,0,0,0,0,0,1,0
